"U:0","U:1","U:2","epsilon","k","nut","p","vtkValidPointMask","arc_length","Points:0","Points:1","Points:2"
0.011483,-0.011549,0,0.0016455,0.00057133,0,0.37204,1,0,0,0,0
0.010873,-0.0112,0,0.0020832,0.00057923,3.4527e-08,0.37203,1,0.00014177,0.0001,0.0001,1e-05
0.010225,-0.010798,0,0.0025464,0.00058876,1.3446e-07,0.37202,1,0.00028355,0.0002,0.0002,2e-05
0.0095379,-0.010343,0,0.0030351,0.00059991,2.9979e-07,0.37201,1,0.00042532,0.0003,0.0003,3e-05
0.0088124,-0.0098344,0,0.0035493,0.00061269,5.3052e-07,0.372,1,0.0005671,0.0004,0.0004,4e-05
0.0080482,-0.0092724,0,0.0040891,0.0006271,8.2666e-07,0.37199,1,0.00070887,0.0005,0.0005,5e-05
0.0072455,-0.0086571,0,0.0046543,0.00064313,1.1882e-06,0.37198,1,0.00085065,0.0006,0.0006,6e-05
0.0064042,-0.0079885,0,0.005245,0.00066078,1.6151e-06,0.37196,1,0.00099242,0.0007,0.0007,7e-05
0.0055244,-0.0072665,0,0.0058613,0.00068006,2.1075e-06,0.37195,1,0.0011342,0.0008,0.0008,8e-05
0.004606,-0.0064913,0,0.006503,0.00070097,2.6652e-06,0.37194,1,0.001276,0.0009,0.0009,9e-05
0.003649,-0.0056627,0,0.0071703,0.0007235,3.2884e-06,0.37193,1,0.0014177,0.001,0.001,0.0001
0.0026534,-0.0047808,0,0.0078631,0.00074766,3.9769e-06,0.37192,1,0.0015595,0.0011,0.0011,0.00011
0.0016193,-0.0038456,0,0.0085814,0.00077344,4.7309e-06,0.3719,1,0.0017013,0.0012,0.0012,0.00012
0.00054659,-0.0028571,0,0.0093251,0.00080085,5.5502e-06,0.37189,1,0.0018431,0.0013,0.0013,0.00013
-0.00056468,-0.0018152,0,0.010094,0.00082988,6.435e-06,0.37188,1,0.0019848,0.0014,0.0014,0.00014
-0.0017145,-0.00072007,0,0.010889,0.00086054,7.3851e-06,0.37187,1,0.0021266,0.0015,0.0015,0.00015
-0.0029029,0.00042841,0,0.01171,0.00089282,8.4007e-06,0.37185,1,0.0022684,0.0016,0.0016,0.00016
-0.0048343,0.0024286,0,0.013333,0.00095733,9.1201e-06,0.37184,1,0.0024102,0.0017,0.0017,0.00017
-0.008292,0.0061458,0,0.016595,0.0010865,9.1647e-06,0.37183,1,0.0025519,0.0018,0.0018,0.00018
-0.011907,0.010017,0,0.019968,0.00122,9.2486e-06,0.37181,1,0.0026937,0.0019,0.0019,0.00019
-0.015678,0.014042,0,0.023454,0.0013579,9.3721e-06,0.37178,1,0.0028355,0.002,0.002,0.0002
-0.019606,0.01822,0,0.027051,0.0015002,9.535e-06,0.37175,1,0.0029773,0.0021,0.0021,0.00021
-0.023692,0.022553,0,0.03076,0.0016469,9.7373e-06,0.3717,1,0.003119,0.0022,0.0022,0.00022
-0.027934,0.027039,0,0.034581,0.0017979,9.9791e-06,0.37165,1,0.0032608,0.0023,0.0023,0.00023
-0.032333,0.03168,0,0.038514,0.0019534,1.026e-05,0.3716,1,0.0034026,0.0024,0.0024,0.00024
-0.036889,0.036474,0,0.042558,0.0021132,1.0581e-05,0.37153,1,0.0035444,0.0025,0.0025,0.00025
-0.041602,0.041422,0,0.046715,0.0022773,1.0941e-05,0.37146,1,0.0036861,0.0026,0.0026,0.00026
-0.046472,0.046523,0,0.050983,0.0024459,1.1341e-05,0.37138,1,0.0038279,0.0027,0.0027,0.00027
-0.051499,0.051779,0,0.055363,0.0026188,1.178e-05,0.37129,1,0.0039697,0.0028,0.0028,0.00028
-0.056682,0.057188,0,0.059855,0.0027961,1.2259e-05,0.37119,1,0.0041115,0.0029,0.0029,0.00029
-0.062023,0.062751,0,0.064459,0.0029778,1.2777e-05,0.37109,1,0.0042532,0.003,0.003,0.0003
-0.067521,0.068469,0,0.069174,0.0031638,1.3334e-05,0.37098,1,0.004395,0.0031,0.0031,0.00031
-0.073175,0.074339,0,0.074002,0.0033542,1.3931e-05,0.37086,1,0.0045368,0.0032,0.0032,0.00032
-0.078986,0.080364,0,0.078941,0.003549,1.4567e-05,0.37073,1,0.0046786,0.0033,0.0033,0.00033
-0.084936,0.086495,0,0.084533,0.0037531,1.5209e-05,0.37047,1,0.0048203,0.0034,0.0034,0.00034
-0.090925,0.092639,0,0.090361,0.00396,1.5845e-05,0.37012,1,0.0049621,0.0035,0.0035,0.00035
-0.09694,0.098798,0,0.096127,0.0041663,1.6486e-05,0.36975,1,0.0051039,0.0036,0.0036,0.00036
-0.10298,0.10497,0,0.10183,0.0043721,1.7132e-05,0.36935,1,0.0052457,0.0037,0.0037,0.00037
-0.10905,0.11116,0,0.10747,0.0045773,1.7782e-05,0.36894,1,0.0053874,0.0038,0.0038,0.00038
-0.11514,0.11736,0,0.11304,0.0047819,1.8438e-05,0.3685,1,0.0055292,0.0039,0.0039,0.00039
-0.12126,0.12358,0,0.11856,0.004986,1.9098e-05,0.36805,1,0.005671,0.004,0.004,0.0004
-0.12741,0.12981,0,0.12401,0.0051895,1.9763e-05,0.36757,1,0.0058128,0.0041,0.0041,0.00041
-0.13358,0.13606,0,0.12939,0.0053925,2.0433e-05,0.36707,1,0.0059545,0.0042,0.0042,0.00042
-0.13978,0.14232,0,0.13472,0.0055949,2.1108e-05,0.36655,1,0.0060963,0.0043,0.0043,0.00043
-0.14601,0.1486,0,0.13998,0.0057968,2.1787e-05,0.366,1,0.0062381,0.0044,0.0044,0.00044
-0.15226,0.15489,0,0.14518,0.0059981,2.2472e-05,0.36544,1,0.0063799,0.0045,0.0045,0.00045
-0.15854,0.1612,0,0.15031,0.0061989,2.3161e-05,0.36485,1,0.0065216,0.0046,0.0046,0.00046
-0.16484,0.16752,0,0.15538,0.0063991,2.3855e-05,0.36425,1,0.0066634,0.0047,0.0047,0.00047
-0.17117,0.17385,0,0.16039,0.0065987,2.4554e-05,0.36362,1,0.0068052,0.0048,0.0048,0.00048
-0.17753,0.1802,0,0.16534,0.0067978,2.5258e-05,0.36297,1,0.0069469,0.0049,0.0049,0.00049
-0.18391,0.18657,0,0.17022,0.0069964,2.5967e-05,0.3623,1,0.0070887,0.005,0.005,0.0005
-0.18891,0.19158,0,0.17398,0.007219,2.7098e-05,0.36119,1,0.0072305,0.0051,0.0051,0.00051
-0.19387,0.19657,0,0.17765,0.007445,2.8275e-05,0.36006,1,0.0073723,0.0052,0.0052,0.00052
-0.1988,0.20153,0,0.18124,0.0076743,2.95e-05,0.3589,1,0.007514,0.0053,0.0053,0.00053
-0.20369,0.20647,0,0.18474,0.007907,3.0773e-05,0.35773,1,0.0076558,0.0054,0.0054,0.00054
-0.20854,0.21139,0,0.18816,0.008143,3.2092e-05,0.35654,1,0.0077976,0.0055,0.0055,0.00055
-0.21336,0.21628,0,0.1915,0.0083824,3.3459e-05,0.35532,1,0.0079394,0.0056,0.0056,0.00056
-0.21814,0.22114,0,0.19475,0.0086251,3.4873e-05,0.35409,1,0.0080811,0.0057,0.0057,0.00057
-0.22288,0.22599,0,0.19792,0.0088711,3.6334e-05,0.35283,1,0.0082229,0.0058,0.0058,0.00058
-0.22759,0.2308,0,0.20101,0.0091206,3.7842e-05,0.35155,1,0.0083647,0.0059,0.0059,0.00059
-0.23227,0.2356,0,0.20402,0.0093733,3.9398e-05,0.35025,1,0.0085065,0.006,0.006,0.0006
-0.2369,0.24037,0,0.20694,0.0096294,4.1001e-05,0.34893,1,0.0086482,0.0061,0.0061,0.00061
-0.2415,0.24511,0,0.20978,0.0098888,4.2651e-05,0.34759,1,0.00879,0.0062,0.0062,0.00062
-0.24606,0.24983,0,0.21253,0.010152,4.4349e-05,0.34623,1,0.0089318,0.0063,0.0063,0.00063
-0.25059,0.25453,0,0.2152,0.010418,4.6093e-05,0.34484,1,0.0090736,0.0064,0.0064,0.00064
-0.25508,0.2592,0,0.21779,0.010687,4.7885e-05,0.34344,1,0.0092153,0.0065,0.0065,0.00065
-0.25954,0.26385,0,0.2203,0.01096,4.9724e-05,0.34201,1,0.0093571,0.0066,0.0066,0.00066
-0.26353,0.26803,0,0.22236,0.011237,5.1778e-05,0.34044,1,0.0094989,0.0067,0.0067,0.00067
-0.26663,0.27129,0,0.22363,0.011516,5.4215e-05,0.33859,1,0.0096407,0.0068,0.0068,0.00068
-0.26968,0.27451,0,0.22486,0.011797,5.6699e-05,0.33673,1,0.0097824,0.0069,0.0069,0.00069
-0.2727,0.2777,0,0.22605,0.012079,5.9232e-05,0.33486,1,0.0099242,0.007,0.007,0.0007
-0.27567,0.28085,0,0.2272,0.012363,6.1813e-05,0.33298,1,0.010066,0.0071,0.0071,0.00071
-0.2786,0.28396,0,0.22831,0.012649,6.4441e-05,0.33109,1,0.010208,0.0072,0.0072,0.00072
-0.28148,0.28704,0,0.22938,0.012936,6.7118e-05,0.32918,1,0.01035,0.0073,0.0073,0.00073
-0.28433,0.29008,0,0.2304,0.013224,6.9843e-05,0.32726,1,0.010491,0.0074,0.0074,0.00074
-0.28713,0.29309,0,0.23139,0.013514,7.2616e-05,0.32533,1,0.010633,0.0075,0.0075,0.00075
-0.28989,0.29606,0,0.23233,0.013806,7.5437e-05,0.32339,1,0.010775,0.0076,0.0076,0.00076
-0.29261,0.29899,0,0.23323,0.014099,7.8306e-05,0.32144,1,0.010917,0.0077,0.0077,0.00077
-0.29529,0.30189,0,0.23409,0.014393,8.1223e-05,0.31947,1,0.011058,0.0078,0.0078,0.00078
-0.29792,0.30475,0,0.2349,0.014689,8.4188e-05,0.3175,1,0.0112,0.0079,0.0079,0.00079
-0.30052,0.30757,0,0.23568,0.014987,8.7201e-05,0.31551,1,0.011342,0.008,0.008,0.0008
-0.30307,0.31036,0,0.23641,0.015286,9.0262e-05,0.31351,1,0.011484,0.0081,0.0081,0.00081
-0.30558,0.31311,0,0.2371,0.015587,9.3372e-05,0.3115,1,0.011626,0.0082,0.0082,0.00082
-0.30804,0.31583,0,0.23775,0.015889,9.6529e-05,0.30947,1,0.011767,0.0083,0.0083,0.00083
-0.31001,0.31798,0,0.23815,0.016164,9.9744e-05,0.30726,1,0.011909,0.0084,0.0084,0.00084
-0.31171,0.31983,0,0.23842,0.016425,0.00010299,0.30497,1,0.012051,0.0085,0.0085,0.00085
-0.31339,0.32166,0,0.23869,0.016686,0.00010627,0.30267,1,0.012193,0.0086,0.0086,0.00086
-0.31505,0.32346,0,0.23894,0.016946,0.00010957,0.30037,1,0.012334,0.0087,0.0087,0.00087
-0.31667,0.32524,0,0.23918,0.017207,0.00011289,0.29806,1,0.012476,0.0088,0.0088,0.00088
-0.31827,0.32699,0,0.2394,0.017467,0.00011624,0.29575,1,0.012618,0.0089,0.0089,0.00089
-0.31984,0.32871,0,0.23962,0.017727,0.00011961,0.29344,1,0.01276,0.009,0.009,0.0009
-0.32139,0.33041,0,0.23982,0.017986,0.00012301,0.29113,1,0.012901,0.0091,0.0091,0.00091
-0.32291,0.33207,0,0.24001,0.018246,0.00012643,0.28881,1,0.013043,0.0092,0.0092,0.00092
-0.3244,0.33372,0,0.24018,0.018505,0.00012988,0.2865,1,0.013185,0.0093,0.0093,0.00093
-0.32586,0.33533,0,0.24035,0.018764,0.00013335,0.28417,1,0.013327,0.0094,0.0094,0.00094
-0.3273,0.33692,0,0.2405,0.019022,0.00013685,0.28185,1,0.013469,0.0095,0.0095,0.00095
-0.32871,0.33848,0,0.24064,0.019281,0.00014037,0.27952,1,0.01361,0.0096,0.0096,0.00096
-0.33009,0.34001,0,0.24076,0.019539,0.00014392,0.27719,1,0.013752,0.0097,0.0097,0.00097
-0.33144,0.34152,0,0.24088,0.019797,0.00014749,0.27486,1,0.013894,0.0098,0.0098,0.00098
-0.33277,0.343,0,0.24098,0.020055,0.00015109,0.27253,1,0.014036,0.0099,0.0099,0.00099
-0.33407,0.34445,0,0.24107,0.020312,0.00015471,0.27019,1,0.014177,0.01,0.01,0.001
-0.33503,0.34548,0,0.241,0.020517,0.00015799,0.2677,1,0.014319,0.0101,0.0101,0.00101
-0.33597,0.34649,0,0.24093,0.02072,0.00016128,0.26522,1,0.014461,0.0102,0.0102,0.00102
-0.33688,0.34748,0,0.24084,0.020923,0.00016457,0.26273,1,0.014603,0.0103,0.0103,0.00103
-0.33778,0.34845,0,0.24074,0.021124,0.00016788,0.26025,1,0.014745,0.0104,0.0104,0.00104
-0.33866,0.34941,0,0.24064,0.021325,0.00017119,0.25778,1,0.014886,0.0105,0.0105,0.00105
-0.33952,0.35034,0,0.24052,0.021525,0.00017451,0.2553,1,0.015028,0.0106,0.0106,0.00106
-0.34036,0.35126,0,0.24039,0.021724,0.00017784,0.25283,1,0.01517,0.0107,0.0107,0.00107
-0.34118,0.35216,0,0.24026,0.021921,0.00018118,0.25036,1,0.015312,0.0108,0.0108,0.00108
-0.34198,0.35304,0,0.24011,0.022118,0.00018453,0.24789,1,0.015453,0.0109,0.0109,0.00109
-0.34276,0.3539,0,0.23995,0.022314,0.00018788,0.24543,1,0.015595,0.011,0.011,0.0011
-0.34353,0.35474,0,0.23979,0.022509,0.00019124,0.24297,1,0.015737,0.0111,0.0111,0.00111
-0.34427,0.35557,0,0.23961,0.022703,0.00019461,0.24051,1,0.015879,0.0112,0.0112,0.00112
-0.34499,0.35637,0,0.23942,0.022896,0.00019799,0.23806,1,0.016021,0.0113,0.0113,0.00113
-0.3457,0.35716,0,0.23923,0.023088,0.00020137,0.23561,1,0.016162,0.0114,0.0114,0.00114
-0.34638,0.35793,0,0.23902,0.023279,0.00020477,0.23316,1,0.016304,0.0115,0.0115,0.00115
-0.34705,0.35868,0,0.23881,0.023469,0.00020817,0.23071,1,0.016446,0.0116,0.0116,0.00116
-0.34765,0.35934,0,0.23854,0.023643,0.00021141,0.22824,1,0.016588,0.0117,0.0117,0.00117
-0.34813,0.35987,0,0.2382,0.023784,0.00021434,0.22573,1,0.016729,0.0118,0.0118,0.00118
-0.34859,0.36038,0,0.23784,0.023925,0.00021726,0.22322,1,0.016871,0.0119,0.0119,0.00119
-0.34905,0.36087,0,0.23748,0.024064,0.00022019,0.22072,1,0.017013,0.012,0.012,0.0012
-0.34948,0.36135,0,0.23711,0.024203,0.00022311,0.21822,1,0.017155,0.0121,0.0121,0.00121
-0.3499,0.36182,0,0.23673,0.02434,0.00022604,0.21573,1,0.017296,0.0122,0.0122,0.00122
-0.35031,0.36227,0,0.23634,0.024476,0.00022896,0.21324,1,0.017438,0.0123,0.0123,0.00123
-0.3507,0.36271,0,0.23594,0.024611,0.00023188,0.21076,1,0.01758,0.0124,0.0124,0.00124
-0.35107,0.36313,0,0.23553,0.024745,0.0002348,0.20828,1,0.017722,0.0125,0.0125,0.00125
-0.35143,0.36354,0,0.23511,0.024877,0.00023772,0.20581,1,0.017864,0.0126,0.0126,0.00126
-0.35178,0.36394,0,0.23469,0.025009,0.00024064,0.20335,1,0.018005,0.0127,0.0127,0.00127
-0.35211,0.36432,0,0.23426,0.025139,0.00024356,0.20089,1,0.018147,0.0128,0.0128,0.00128
-0.35242,0.36469,0,0.23381,0.025269,0.00024648,0.19844,1,0.018289,0.0129,0.0129,0.00129
-0.35272,0.36504,0,0.23336,0.025397,0.0002494,0.19599,1,0.018431,0.013,0.013,0.0013
-0.35301,0.36538,0,0.2329,0.025524,0.00025232,0.19355,1,0.018572,0.0131,0.0131,0.00131
-0.35328,0.3657,0,0.23243,0.02565,0.00025524,0.19111,1,0.018714,0.0132,0.0132,0.00132
-0.35353,0.36601,0,0.23195,0.025775,0.00025815,0.18868,1,0.018856,0.0133,0.0133,0.00133
-0.35372,0.36624,0,0.23143,0.025874,0.00026076,0.18624,1,0.018998,0.0134,0.0134,0.00134
-0.35388,0.36643,0,0.23087,0.025961,0.0002632,0.18379,1,0.01914,0.0135,0.0135,0.00135
-0.35403,0.36661,0,0.2303,0.026047,0.00026564,0.18135,1,0.019281,0.0136,0.0136,0.00136
-0.35416,0.36678,0,0.22972,0.026131,0.00026808,0.17892,1,0.019423,0.0137,0.0137,0.00137
-0.35428,0.36693,0,0.22914,0.026215,0.00027051,0.1765,1,0.019565,0.0138,0.0138,0.00138
-0.35439,0.36707,0,0.22854,0.026297,0.00027294,0.17408,1,0.019707,0.0139,0.0139,0.00139
-0.35448,0.3672,0,0.22794,0.026379,0.00027537,0.17167,1,0.019848,0.014,0.014,0.0014
-0.35456,0.36732,0,0.22733,0.026459,0.0002778,0.16926,1,0.01999,0.0141,0.0141,0.00141
-0.35463,0.36743,0,0.22671,0.026538,0.00028022,0.16686,1,0.020132,0.0142,0.0142,0.00142
-0.35468,0.36752,0,0.22609,0.026616,0.00028264,0.16447,1,0.020274,0.0143,0.0143,0.00143
-0.35472,0.3676,0,0.22545,0.026694,0.00028506,0.16209,1,0.020416,0.0144,0.0144,0.00144
-0.35475,0.36767,0,0.22481,0.02677,0.00028747,0.15971,1,0.020557,0.0145,0.0145,0.00145
-0.35477,0.36773,0,0.22415,0.026845,0.00028988,0.15734,1,0.020699,0.0146,0.0146,0.00146
-0.35477,0.36777,0,0.22349,0.026918,0.00029229,0.15497,1,0.020841,0.0147,0.0147,0.00147
-0.35476,0.3678,0,0.22282,0.026991,0.00029469,0.15262,1,0.020983,0.0148,0.0148,0.00148
-0.35473,0.36782,0,0.22214,0.027063,0.0002971,0.15027,1,0.021124,0.0149,0.0149,0.00149
-0.3547,0.36783,0,0.22146,0.027134,0.00029949,0.14792,1,0.021266,0.015,0.015,0.0015
-0.35462,0.36778,0,0.22073,0.027177,0.00030149,0.14559,1,0.021408,0.0151,0.0151,0.00151
-0.35453,0.36773,0,0.22,0.027219,0.00030349,0.14326,1,0.02155,0.0152,0.0152,0.00152
-0.35443,0.36766,0,0.21926,0.027261,0.00030548,0.14094,1,0.021691,0.0153,0.0153,0.00153
-0.35432,0.36758,0,0.2185,0.027301,0.00030747,0.13863,1,0.021833,0.0154,0.0154,0.00154
-0.3542,0.36749,0,0.21775,0.02734,0.00030946,0.13632,1,0.021975,0.0155,0.0155,0.00155
-0.35406,0.36739,0,0.21698,0.027379,0.00031144,0.13403,1,0.022117,0.0156,0.0156,0.00156
-0.35392,0.36728,0,0.21621,0.027416,0.00031342,0.13174,1,0.022259,0.0157,0.0157,0.00157
-0.35376,0.36716,0,0.21542,0.027452,0.0003154,0.12945,1,0.0224,0.0158,0.0158,0.00158
-0.3536,0.36703,0,0.21463,0.027488,0.00031738,0.12717,1,0.022542,0.0159,0.0159,0.00159
-0.35342,0.36689,0,0.21383,0.027522,0.00031935,0.12491,1,0.022684,0.016,0.016,0.0016
-0.35323,0.36673,0,0.21303,0.027556,0.00032132,0.12264,1,0.022826,0.0161,0.0161,0.00161
-0.35302,0.36657,0,0.21221,0.027588,0.00032328,0.12039,1,0.022967,0.0162,0.0162,0.00162
-0.35281,0.36639,0,0.21139,0.027619,0.00032524,0.11814,1,0.023109,0.0163,0.0163,0.00163
-0.35259,0.36621,0,0.21056,0.02765,0.0003272,0.1159,1,0.023251,0.0164,0.0164,0.00164
-0.35235,0.36601,0,0.20972,0.027679,0.00032916,0.11367,1,0.023393,0.0165,0.0165,0.00165
-0.3521,0.3658,0,0.20887,0.027708,0.00033111,0.11144,1,0.023535,0.0166,0.0166,0.00166
-0.35184,0.36558,0,0.20801,0.02773,0.00033297,0.10923,1,0.023676,0.0167,0.0167,0.00167
-0.35157,0.36534,0,0.20715,0.027739,0.00033463,0.10704,1,0.023818,0.0168,0.0168,0.00168
-0.35129,0.36509,0,0.20629,0.027748,0.00033629,0.10486,1,0.02396,0.0169,0.0169,0.00169
-0.351,0.36483,0,0.20541,0.027756,0.00033796,0.10268,1,0.024102,0.017,0.017,0.0017
-0.3507,0.36456,0,0.20453,0.027763,0.00033963,0.10052,1,0.024243,0.0171,0.0171,0.00171
-0.35039,0.36428,0,0.20364,0.027769,0.00034129,0.098356,1,0.024385,0.0172,0.0172,0.00172
-0.35007,0.36399,0,0.20275,0.027775,0.00034296,0.096203,1,0.024527,0.0173,0.0173,0.00173
-0.34974,0.36369,0,0.20184,0.02778,0.00034463,0.094057,1,0.024669,0.0174,0.0174,0.00174
-0.3494,0.36338,0,0.20093,0.027784,0.0003463,0.091918,1,0.024811,0.0175,0.0175,0.00175
-0.34905,0.36306,0,0.20001,0.027787,0.00034798,0.089786,1,0.024952,0.0176,0.0176,0.00176
-0.34869,0.36273,0,0.19909,0.02779,0.00034965,0.087662,1,0.025094,0.0177,0.0177,0.00177
-0.34832,0.36239,0,0.19815,0.027792,0.00035133,0.085544,1,0.025236,0.0178,0.0178,0.00178
-0.34794,0.36204,0,0.19721,0.027793,0.000353,0.083433,1,0.025378,0.0179,0.0179,0.00179
-0.34755,0.36168,0,0.19627,0.027793,0.00035468,0.081329,1,0.025519,0.018,0.018,0.0018
-0.34715,0.36131,0,0.19531,0.027793,0.00035636,0.079233,1,0.025661,0.0181,0.0181,0.00181
-0.34674,0.36094,0,0.19435,0.027792,0.00035804,0.077143,1,0.025803,0.0182,0.0182,0.00182
-0.34632,0.36055,0,0.19338,0.02779,0.00035972,0.07506,1,0.025945,0.0183,0.0183,0.00183
-0.3459,0.36015,0,0.19243,0.027781,0.00036128,0.073011,1,0.026087,0.0184,0.0184,0.00184
-0.34547,0.35975,0,0.19147,0.027767,0.00036278,0.070981,1,0.026228,0.0185,0.0185,0.00185
-0.34503,0.35933,0,0.19052,0.027753,0.00036429,0.068958,1,0.02637,0.0186,0.0186,0.00186
-0.34458,0.35891,0,0.18956,0.027738,0.00036579,0.066942,1,0.026512,0.0187,0.0187,0.00187
-0.34413,0.35848,0,0.18859,0.027723,0.00036729,0.064932,1,0.026654,0.0188,0.0188,0.00188
-0.34366,0.35804,0,0.18761,0.027706,0.00036878,0.06293,1,0.026795,0.0189,0.0189,0.00189
-0.34319,0.35759,0,0.18663,0.027689,0.00037028,0.060933,1,0.026937,0.019,0.019,0.0019
-0.34271,0.35713,0,0.18564,0.027671,0.00037178,0.058944,1,0.027079,0.0191,0.0191,0.00191
-0.34222,0.35666,0,0.18465,0.027652,0.00037328,0.056961,1,0.027221,0.0192,0.0192,0.00192
-0.34172,0.35619,0,0.18365,0.027633,0.00037478,0.054985,1,0.027362,0.0193,0.0193,0.00193
-0.34121,0.3557,0,0.18264,0.027612,0.00037627,0.053016,1,0.027504,0.0194,0.0194,0.00194
-0.34069,0.35521,0,0.18163,0.027591,0.00037777,0.051053,1,0.027646,0.0195,0.0195,0.00195
-0.34016,0.3547,0,0.18061,0.027569,0.00037926,0.049097,1,0.027788,0.0196,0.0196,0.00196
-0.33963,0.35419,0,0.17959,0.027547,0.00038076,0.047148,1,0.02793,0.0197,0.0197,0.00197
-0.33908,0.35367,0,0.17855,0.027523,0.00038225,0.045205,1,0.028071,0.0198,0.0198,0.00198
-0.33853,0.35314,0,0.17752,0.027499,0.00038375,0.043269,1,0.028213,0.0199,0.0199,0.00199
-0.33797,0.3526,0,0.17647,0.027474,0.00038524,0.04134,1,0.028355,0.02,0.02,0.002
-0.33741,0.35206,0,0.17548,0.027439,0.00038651,0.039467,1,0.028497,0.0201,0.0201,0.00201
-0.33685,0.35152,0,0.17448,0.027404,0.00038778,0.0376,1,0.028638,0.0202,0.0202,0.00202
-0.33629,0.35097,0,0.17348,0.027368,0.00038905,0.035739,1,0.02878,0.0203,0.0203,0.00203
-0.33571,0.35041,0,0.17247,0.027331,0.00039032,0.033884,1,0.028922,0.0204,0.0204,0.00204
-0.33513,0.34985,0,0.17146,0.027294,0.00039158,0.032036,1,0.029064,0.0205,0.0205,0.00205
-0.33454,0.34927,0,0.17044,0.027255,0.00039284,0.030193,1,0.029206,0.0206,0.0206,0.00206
-0.33394,0.34869,0,0.16941,0.027216,0.0003941,0.028357,1,0.029347,0.0207,0.0207,0.00207
-0.33334,0.3481,0,0.16838,0.027176,0.00039536,0.026527,1,0.029489,0.0208,0.0208,0.00208
-0.33272,0.34751,0,0.16735,0.027136,0.00039661,0.024704,1,0.029631,0.0209,0.0209,0.00209
-0.3321,0.3469,0,0.16631,0.027094,0.00039787,0.022886,1,0.029773,0.021,0.021,0.0021
-0.33147,0.34629,0,0.16527,0.027052,0.00039912,0.021075,1,0.029914,0.0211,0.0211,0.00211
-0.33084,0.34567,0,0.16422,0.027009,0.00040037,0.01927,1,0.030056,0.0212,0.0212,0.00212
-0.33019,0.34504,0,0.16316,0.026966,0.00040162,0.017471,1,0.030198,0.0213,0.0213,0.00213
-0.32954,0.3444,0,0.1621,0.026921,0.00040287,0.015678,1,0.03034,0.0214,0.0214,0.00214
-0.32888,0.34376,0,0.16104,0.026876,0.00040411,0.013892,1,0.030482,0.0215,0.0215,0.00215
-0.32821,0.3431,0,0.15997,0.02683,0.00040536,0.012111,1,0.030623,0.0216,0.0216,0.00216
-0.32755,0.34245,0,0.15892,0.026782,0.00040655,0.010356,1,0.030765,0.0217,0.0217,0.00217
-0.32689,0.34181,0,0.15791,0.026731,0.00040764,0.008644,1,0.030907,0.0218,0.0218,0.00218
-0.32623,0.34115,0,0.1569,0.026679,0.00040874,0.0069377,1,0.031049,0.0219,0.0219,0.00219
-0.32556,0.3405,0,0.15589,0.026627,0.00040983,0.005237,1,0.03119,0.022,0.022,0.0022
-0.32488,0.33983,0,0.15487,0.026574,0.00041093,0.0035419,1,0.031332,0.0221,0.0221,0.00221
-0.3242,0.33916,0,0.15385,0.02652,0.00041202,0.0018525,1,0.031474,0.0222,0.0222,0.00222
-0.32351,0.33848,0,0.15283,0.026466,0.00041311,0.00016856,1,0.031616,0.0223,0.0223,0.00223
-0.32281,0.33779,0,0.1518,0.026411,0.0004142,-0.0015097,1,0.031757,0.0224,0.0224,0.00224
-0.32211,0.3371,0,0.15077,0.026355,0.0004153,-0.0031823,1,0.031899,0.0225,0.0225,0.00225
-0.3214,0.3364,0,0.14973,0.026299,0.00041639,-0.0048494,1,0.032041,0.0226,0.0226,0.00226
-0.32068,0.33569,0,0.14869,0.026242,0.00041748,-0.0065108,1,0.032183,0.0227,0.0227,0.00227
-0.31996,0.33498,0,0.14764,0.026184,0.00041857,-0.0081666,1,0.032325,0.0228,0.0228,0.00228
-0.31923,0.33426,0,0.14659,0.026126,0.00041966,-0.0098168,1,0.032466,0.0229,0.0229,0.00229
-0.31849,0.33353,0,0.14554,0.026067,0.00042075,-0.011461,1,0.032608,0.023,0.023,0.0023
-0.31775,0.33279,0,0.14449,0.026008,0.00042184,-0.0131,1,0.03275,0.0231,0.0231,0.00231
-0.317,0.33205,0,0.14343,0.025948,0.00042293,-0.014734,1,0.032892,0.0232,0.0232,0.00232
-0.31624,0.3313,0,0.14236,0.025887,0.00042402,-0.016362,1,0.033033,0.0233,0.0233,0.00233
-0.3155,0.33056,0,0.14135,0.025825,0.00042503,-0.017943,1,0.033175,0.0234,0.0234,0.00234
-0.31476,0.32982,0,0.14037,0.025762,0.000426,-0.0195,1,0.033317,0.0235,0.0235,0.00235
-0.31401,0.32908,0,0.13938,0.025699,0.00042697,-0.021051,1,0.033459,0.0236,0.0236,0.00236
-0.31325,0.32834,0,0.13839,0.025635,0.00042794,-0.022598,1,0.033601,0.0237,0.0237,0.00237
-0.3125,0.32758,0,0.1374,0.02557,0.00042892,-0.024139,1,0.033742,0.0238,0.0238,0.00238
-0.31173,0.32682,0,0.1364,0.025505,0.00042989,-0.025675,1,0.033884,0.0239,0.0239,0.00239
-0.31096,0.32606,0,0.1354,0.02544,0.00043086,-0.027207,1,0.034026,0.024,0.024,0.0024
-0.31018,0.32528,0,0.1344,0.025374,0.00043183,-0.028733,1,0.034168,0.0241,0.0241,0.00241
-0.3094,0.3245,0,0.1334,0.025307,0.0004328,-0.030255,1,0.034309,0.0242,0.0242,0.00242
-0.30861,0.32372,0,0.13239,0.02524,0.00043377,-0.031771,1,0.034451,0.0243,0.0243,0.00243
-0.30781,0.32293,0,0.13139,0.025172,0.00043474,-0.033283,1,0.034593,0.0244,0.0244,0.00244
-0.30701,0.32213,0,0.13037,0.025103,0.00043571,-0.03479,1,0.034735,0.0245,0.0245,0.00245
-0.3062,0.32132,0,0.12936,0.025034,0.00043669,-0.036291,1,0.034877,0.0246,0.0246,0.00246
-0.30539,0.32051,0,0.12834,0.024965,0.00043766,-0.037788,1,0.035018,0.0247,0.0247,0.00247
-0.30457,0.31969,0,0.12732,0.024895,0.00043863,-0.039279,1,0.03516,0.0248,0.0248,0.00248
-0.30374,0.31887,0,0.1263,0.024824,0.0004396,-0.040766,1,0.035302,0.0249,0.0249,0.00249
-0.30291,0.31804,0,0.12527,0.024753,0.00044057,-0.042248,1,0.035444,0.025,0.025,0.0025
-0.3021,0.31723,0,0.12434,0.024683,0.00044144,-0.043661,1,0.035585,0.0251,0.0251,0.00251
-0.30128,0.31642,0,0.1234,0.024612,0.00044232,-0.04507,1,0.035727,0.0252,0.0252,0.00252
-0.30046,0.3156,0,0.12247,0.024541,0.0004432,-0.046475,1,0.035869,0.0253,0.0253,0.00253
-0.29963,0.31478,0,0.12153,0.024469,0.00044407,-0.047875,1,0.036011,0.0254,0.0254,0.00254
-0.2988,0.31395,0,0.12059,0.024397,0.00044495,-0.049271,1,0.036152,0.0255,0.0255,0.00255
-0.29796,0.31312,0,0.11964,0.024324,0.00044583,-0.050663,1,0.036294,0.0256,0.0256,0.00256
-0.29712,0.31227,0,0.1187,0.024251,0.0004467,-0.05205,1,0.036436,0.0257,0.0257,0.00257
-0.29627,0.31143,0,0.11775,0.024178,0.00044758,-0.053433,1,0.036578,0.0258,0.0258,0.00258
-0.29542,0.31057,0,0.1168,0.024104,0.00044846,-0.054812,1,0.03672,0.0259,0.0259,0.00259
-0.29456,0.30972,0,0.11585,0.024029,0.00044933,-0.056186,1,0.036861,0.026,0.026,0.0026
-0.29369,0.30885,0,0.1149,0.023954,0.00045021,-0.057556,1,0.037003,0.0261,0.0261,0.00261
-0.29282,0.30798,0,0.11395,0.023879,0.00045109,-0.058921,1,0.037145,0.0262,0.0262,0.00262
-0.29194,0.30711,0,0.11299,0.023803,0.00045197,-0.060282,1,0.037287,0.0263,0.0263,0.00263
-0.29106,0.30623,0,0.11204,0.023726,0.00045284,-0.061639,1,0.037428,0.0264,0.0264,0.00264
-0.29018,0.30534,0,0.11108,0.023649,0.00045372,-0.062991,1,0.03757,0.0265,0.0265,0.00265
-0.28928,0.30445,0,0.11012,0.023572,0.0004546,-0.06434,1,0.037712,0.0266,0.0266,0.00266
-0.28839,0.30356,0,0.10919,0.023495,0.00045545,-0.065662,1,0.037854,0.0267,0.0267,0.00267
-0.28751,0.30268,0,0.10832,0.02342,0.00045625,-0.066936,1,0.037996,0.0268,0.0268,0.00268
-0.28663,0.3018,0,0.10745,0.023345,0.00045705,-0.068207,1,0.038137,0.0269,0.0269,0.00269
-0.28574,0.30091,0,0.10659,0.023269,0.00045785,-0.069474,1,0.038279,0.027,0.027,0.0027
-0.28485,0.30002,0,0.10572,0.023192,0.00045865,-0.070737,1,0.038421,0.0271,0.0271,0.00271
-0.28395,0.29912,0,0.10485,0.023116,0.00045945,-0.071997,1,0.038563,0.0272,0.0272,0.00272
-0.28304,0.29822,0,0.10398,0.023039,0.00046026,-0.073252,1,0.038704,0.0273,0.0273,0.00273
-0.28213,0.29731,0,0.1031,0.022961,0.00046106,-0.074504,1,0.038846,0.0274,0.0274,0.00274
-0.28122,0.2964,0,0.10223,0.022884,0.00046186,-0.075753,1,0.038988,0.0275,0.0275,0.00275
-0.2803,0.29548,0,0.10136,0.022805,0.00046266,-0.076997,1,0.03913,0.0276,0.0276,0.00276
-0.27938,0.29456,0,0.10048,0.022727,0.00046347,-0.078238,1,0.039272,0.0277,0.0277,0.00277
-0.27845,0.29363,0,0.099606,0.022648,0.00046427,-0.079475,1,0.039413,0.0278,0.0278,0.00278
-0.27751,0.2927,0,0.09873,0.022568,0.00046507,-0.080708,1,0.039555,0.0279,0.0279,0.00279
-0.27658,0.29176,0,0.097852,0.022488,0.00046588,-0.081937,1,0.039697,0.028,0.028,0.0028
-0.27563,0.29081,0,0.096974,0.022408,0.00046668,-0.083163,1,0.039839,0.0281,0.0281,0.00281
-0.27468,0.28986,0,0.096094,0.022328,0.00046748,-0.084385,1,0.03998,0.0282,0.0282,0.00282
-0.27373,0.28891,0,0.095214,0.022247,0.00046829,-0.085603,1,0.040122,0.0283,0.0283,0.00283
-0.27278,0.28796,0,0.094397,0.022168,0.00046905,-0.086773,1,0.040264,0.0284,0.0284,0.00284
-0.27184,0.28702,0,0.093612,0.022091,0.00046979,-0.087918,1,0.040406,0.0285,0.0285,0.00285
-0.27089,0.28608,0,0.092827,0.022014,0.00047053,-0.08906,1,0.040547,0.0286,0.0286,0.00286
-0.26994,0.28513,0,0.092042,0.021936,0.00047127,-0.090198,1,0.040689,0.0287,0.0287,0.00287
-0.26898,0.28417,0,0.091256,0.021858,0.00047201,-0.091333,1,0.040831,0.0288,0.0288,0.00288
-0.26802,0.28322,0,0.09047,0.02178,0.00047275,-0.092465,1,0.040973,0.0289,0.0289,0.00289
-0.26705,0.28225,0,0.089683,0.021701,0.0004735,-0.093594,1,0.041115,0.029,0.029,0.0029
-0.26608,0.28128,0,0.088896,0.021623,0.00047424,-0.094719,1,0.041256,0.0291,0.0291,0.00291
-0.26511,0.28031,0,0.088109,0.021543,0.00047498,-0.095842,1,0.041398,0.0292,0.0292,0.00292
-0.26413,0.27933,0,0.087322,0.021464,0.00047573,-0.096961,1,0.04154,0.0293,0.0293,0.00293
-0.26314,0.27834,0,0.086534,0.021384,0.00047647,-0.098077,1,0.041682,0.0294,0.0294,0.00294
-0.26215,0.27736,0,0.085746,0.021304,0.00047721,-0.09919,1,0.041823,0.0295,0.0295,0.00295
-0.26116,0.27636,0,0.084958,0.021223,0.00047796,-0.1003,1,0.041965,0.0296,0.0296,0.00296
-0.26016,0.27536,0,0.084169,0.021142,0.00047871,-0.10141,1,0.042107,0.0297,0.0297,0.00297
-0.25916,0.27436,0,0.08338,0.021061,0.00047945,-0.10251,1,0.042249,0.0298,0.0298,0.00298
-0.25815,0.27335,0,0.082591,0.020979,0.0004802,-0.10361,1,0.042391,0.0299,0.0299,0.00299
-0.25714,0.27234,0,0.081801,0.020898,0.00048095,-0.10471,1,0.042532,0.03,0.03,0.003
-0.25614,0.27134,0,0.081104,0.020821,0.00048164,-0.10573,1,0.042674,0.0301,0.0301,0.00301
-0.25513,0.27034,0,0.080408,0.020745,0.00048234,-0.10676,1,0.042816,0.0302,0.0302,0.00302
-0.25412,0.26934,0,0.079711,0.020668,0.00048303,-0.10778,1,0.042958,0.0303,0.0303,0.00303
-0.25311,0.26833,0,0.079015,0.020591,0.00048373,-0.10879,1,0.043099,0.0304,0.0304,0.00304
-0.25209,0.26731,0,0.078319,0.020514,0.00048443,-0.10981,1,0.043241,0.0305,0.0305,0.00305
-0.25106,0.26629,0,0.077623,0.020436,0.00048513,-0.11082,1,0.043383,0.0306,0.0306,0.00306
-0.25004,0.26527,0,0.076927,0.020358,0.00048583,-0.11183,1,0.043525,0.0307,0.0307,0.00307
-0.24901,0.26424,0,0.076231,0.02028,0.00048653,-0.11284,1,0.043667,0.0308,0.0308,0.00308
-0.24797,0.26321,0,0.075535,0.020202,0.00048723,-0.11385,1,0.043808,0.0309,0.0309,0.00309
-0.24693,0.26217,0,0.074839,0.020123,0.00048793,-0.11485,1,0.04395,0.031,0.031,0.0031
-0.24589,0.26113,0,0.074143,0.020045,0.00048863,-0.11585,1,0.044092,0.0311,0.0311,0.00311
-0.24484,0.26008,0,0.073448,0.019966,0.00048934,-0.11684,1,0.044234,0.0312,0.0312,0.00312
-0.24379,0.25903,0,0.072753,0.019886,0.00049004,-0.11784,1,0.044375,0.0313,0.0313,0.00313
-0.24273,0.25798,0,0.072057,0.019807,0.00049075,-0.11883,1,0.044517,0.0314,0.0314,0.00314
-0.24167,0.25692,0,0.071362,0.019727,0.00049145,-0.11982,1,0.044659,0.0315,0.0315,0.00315
-0.2406,0.25586,0,0.070667,0.019647,0.00049216,-0.1208,1,0.044801,0.0316,0.0316,0.00316
-0.23954,0.25479,0,0.070001,0.019569,0.00049285,-0.12176,1,0.044943,0.0317,0.0317,0.00317
-0.23848,0.25374,0,0.069394,0.019495,0.00049352,-0.12268,1,0.045084,0.0318,0.0318,0.00318
-0.23741,0.25268,0,0.068788,0.019421,0.00049419,-0.12359,1,0.045226,0.0319,0.0319,0.00319
-0.23634,0.25161,0,0.068181,0.019347,0.00049486,-0.1245,1,0.045368,0.032,0.032,0.0032
-0.23527,0.25054,0,0.067576,0.019272,0.00049553,-0.1254,1,0.04551,0.0321,0.0321,0.00321
-0.23419,0.24947,0,0.06697,0.019198,0.0004962,-0.12631,1,0.045651,0.0322,0.0322,0.00322
-0.23311,0.24839,0,0.066365,0.019123,0.00049687,-0.12721,1,0.045793,0.0323,0.0323,0.00323
-0.23202,0.24731,0,0.06576,0.019048,0.00049755,-0.12811,1,0.045935,0.0324,0.0324,0.00324
-0.23093,0.24623,0,0.065156,0.018973,0.00049822,-0.12901,1,0.046077,0.0325,0.0325,0.00325
-0.22984,0.24514,0,0.064552,0.018898,0.0004989,-0.1299,1,0.046218,0.0326,0.0326,0.00326
-0.22874,0.24405,0,0.063949,0.018822,0.00049958,-0.13079,1,0.04636,0.0327,0.0327,0.00327
-0.22764,0.24295,0,0.063345,0.018747,0.00050025,-0.13168,1,0.046502,0.0328,0.0328,0.00328
-0.22653,0.24185,0,0.062743,0.018671,0.00050093,-0.13257,1,0.046644,0.0329,0.0329,0.00329
-0.22542,0.24074,0,0.06214,0.018595,0.00050162,-0.13346,1,0.046786,0.033,0.033,0.0033
-0.22431,0.23963,0,0.061538,0.018519,0.0005023,-0.13434,1,0.046927,0.0331,0.0331,0.00331
-0.22319,0.23852,0,0.060936,0.018442,0.00050298,-0.13522,1,0.047069,0.0332,0.0332,0.00332
-0.22207,0.2374,0,0.060335,0.018366,0.00050367,-0.1361,1,0.047211,0.0333,0.0333,0.00333
-0.22095,0.23628,0,0.059788,0.018294,0.00050433,-0.13693,1,0.047353,0.0334,0.0334,0.00334
-0.21983,0.23517,0,0.059269,0.018224,0.00050499,-0.13774,1,0.047494,0.0335,0.0335,0.00335
-0.2187,0.23405,0,0.05875,0.018155,0.00050564,-0.13854,1,0.047636,0.0336,0.0336,0.00336
-0.21757,0.23293,0,0.058232,0.018085,0.0005063,-0.13935,1,0.047778,0.0337,0.0337,0.00337
-0.21644,0.2318,0,0.057714,0.018015,0.00050696,-0.14015,1,0.04792,0.0338,0.0338,0.00338
-0.2153,0.23067,0,0.057197,0.017945,0.00050761,-0.14095,1,0.048062,0.0339,0.0339,0.00339
-0.21417,0.22954,0,0.056681,0.017875,0.00050828,-0.14175,1,0.048203,0.034,0.034,0.0034
-0.21302,0.2284,0,0.056164,0.017804,0.00050894,-0.14254,1,0.048345,0.0341,0.0341,0.00341
-0.21187,0.22726,0,0.055649,0.017734,0.0005096,-0.14334,1,0.048487,0.0342,0.0342,0.00342
-0.21072,0.22612,0,0.055134,0.017663,0.00051027,-0.14413,1,0.048629,0.0343,0.0343,0.00343
-0.20957,0.22497,0,0.054619,0.017593,0.00051094,-0.14492,1,0.04877,0.0344,0.0344,0.00344
-0.20841,0.22382,0,0.054105,0.017522,0.00051161,-0.14571,1,0.048912,0.0345,0.0345,0.00345
-0.20725,0.22266,0,0.053592,0.017451,0.00051228,-0.14649,1,0.049054,0.0346,0.0346,0.00346
-0.20609,0.2215,0,0.053079,0.01738,0.00051296,-0.14728,1,0.049196,0.0347,0.0347,0.00347
-0.20492,0.22034,0,0.052566,0.017308,0.00051363,-0.14806,1,0.049338,0.0348,0.0348,0.00348
-0.20375,0.21917,0,0.052055,0.017237,0.00051431,-0.14884,1,0.049479,0.0349,0.0349,0.00349
-0.20257,0.218,0,0.051543,0.017166,0.00051499,-0.14962,1,0.049621,0.035,0.035,0.0035
-0.20139,0.21683,0,0.051106,0.017102,0.00051564,-0.15033,1,0.049763,0.0351,0.0351,0.00351
-0.20022,0.21566,0,0.05067,0.017038,0.00051629,-0.15104,1,0.049905,0.0352,0.0352,0.00352
-0.19903,0.21449,0,0.050234,0.016974,0.00051694,-0.15174,1,0.050046,0.0353,0.0353,0.00353
-0.19785,0.21331,0,0.049799,0.01691,0.00051759,-0.15244,1,0.050188,0.0354,0.0354,0.00354
-0.19666,0.21213,0,0.049364,0.016846,0.00051825,-0.15315,1,0.05033,0.0355,0.0355,0.00355
-0.19547,0.21095,0,0.04893,0.016781,0.00051891,-0.15385,1,0.050472,0.0356,0.0356,0.00356
-0.19428,0.20976,0,0.048496,0.016717,0.00051957,-0.15455,1,0.050613,0.0357,0.0357,0.00357
-0.19308,0.20857,0,0.048063,0.016653,0.00052023,-0.15525,1,0.050755,0.0358,0.0358,0.00358
-0.19188,0.20737,0,0.047631,0.016588,0.0005209,-0.15594,1,0.050897,0.0359,0.0359,0.00359
-0.19067,0.20618,0,0.047199,0.016524,0.00052156,-0.15664,1,0.051039,0.036,0.036,0.0036
-0.18946,0.20497,0,0.046768,0.016459,0.00052223,-0.15733,1,0.051181,0.0361,0.0361,0.00361
-0.18825,0.20377,0,0.046337,0.016394,0.0005229,-0.15802,1,0.051322,0.0362,0.0362,0.00362
-0.18704,0.20256,0,0.045907,0.016329,0.00052358,-0.15871,1,0.051464,0.0363,0.0363,0.00363
-0.18582,0.20135,0,0.045477,0.016264,0.00052425,-0.1594,1,0.051606,0.0364,0.0364,0.00364
-0.1846,0.20013,0,0.045049,0.016199,0.00052493,-0.16009,1,0.051748,0.0365,0.0365,0.00365
-0.18337,0.19891,0,0.04462,0.016134,0.00052561,-0.16078,1,0.051889,0.0366,0.0366,0.00366
-0.18215,0.19769,0,0.044214,0.016072,0.00052628,-0.16144,1,0.052031,0.0367,0.0367,0.00367
-0.18092,0.19647,0,0.043853,0.016014,0.00052693,-0.16205,1,0.052173,0.0368,0.0368,0.00368
-0.17968,0.19525,0,0.043493,0.015957,0.00052758,-0.16267,1,0.052315,0.0369,0.0369,0.00369
-0.17845,0.19402,0,0.043132,0.0159,0.00052824,-0.16328,1,0.052457,0.037,0.037,0.0037
-0.17721,0.19279,0,0.042773,0.015842,0.0005289,-0.16389,1,0.052598,0.0371,0.0371,0.00371
-0.17597,0.19156,0,0.042414,0.015785,0.00052956,-0.1645,1,0.05274,0.0372,0.0372,0.00372
-0.17473,0.19032,0,0.042055,0.015727,0.00053022,-0.16511,1,0.052882,0.0373,0.0373,0.00373
-0.17348,0.18908,0,0.041698,0.01567,0.00053088,-0.16571,1,0.053024,0.0374,0.0374,0.00374
-0.17223,0.18784,0,0.04134,0.015612,0.00053155,-0.16632,1,0.053165,0.0375,0.0375,0.00375
-0.17098,0.18659,0,0.040984,0.015555,0.00053222,-0.16692,1,0.053307,0.0376,0.0376,0.00376
-0.16972,0.18534,0,0.040628,0.015497,0.00053289,-0.16753,1,0.053449,0.0377,0.0377,0.00377
-0.16846,0.18409,0,0.040272,0.015439,0.00053356,-0.16813,1,0.053591,0.0378,0.0378,0.00378
-0.1672,0.18284,0,0.039917,0.015381,0.00053424,-0.16873,1,0.053733,0.0379,0.0379,0.00379
-0.16594,0.18158,0,0.039563,0.015324,0.00053491,-0.16933,1,0.053874,0.038,0.038,0.0038
-0.16467,0.18032,0,0.039209,0.015266,0.00053559,-0.16993,1,0.054016,0.0381,0.0381,0.00381
-0.1634,0.17905,0,0.038856,0.015208,0.00053627,-0.17053,1,0.054158,0.0382,0.0382,0.00382
-0.16213,0.17778,0,0.038503,0.01515,0.00053696,-0.17113,1,0.0543,0.0383,0.0383,0.00383
-0.16085,0.17651,0,0.03819,0.015097,0.00053762,-0.17167,1,0.054441,0.0384,0.0384,0.00384
-0.15957,0.17524,0,0.037896,0.015047,0.00053827,-0.1722,1,0.054583,0.0385,0.0385,0.00385
-0.15829,0.17397,0,0.037604,0.014997,0.00053891,-0.17272,1,0.054725,0.0386,0.0386,0.00386
-0.157,0.17269,0,0.037311,0.014947,0.00053957,-0.17325,1,0.054867,0.0387,0.0387,0.00387
-0.15572,0.17141,0,0.03702,0.014897,0.00054022,-0.17377,1,0.055008,0.0388,0.0388,0.00388
-0.15443,0.17013,0,0.036729,0.014846,0.00054087,-0.17429,1,0.05515,0.0389,0.0389,0.00389
-0.15314,0.16885,0,0.036438,0.014796,0.00054153,-0.17481,1,0.055292,0.039,0.039,0.0039
-0.15184,0.16756,0,0.036148,0.014746,0.00054219,-0.17533,1,0.055434,0.0391,0.0391,0.00391
-0.15055,0.16627,0,0.035858,0.014696,0.00054285,-0.17585,1,0.055576,0.0392,0.0392,0.00392
-0.14925,0.16497,0,0.035569,0.014645,0.00054352,-0.17637,1,0.055717,0.0393,0.0393,0.00393
-0.14794,0.16368,0,0.03528,0.014595,0.00054418,-0.17688,1,0.055859,0.0394,0.0394,0.00394
-0.14664,0.16238,0,0.034992,0.014545,0.00054485,-0.1774,1,0.056001,0.0395,0.0395,0.00395
-0.14533,0.16108,0,0.034705,0.014494,0.00054552,-0.17791,1,0.056143,0.0396,0.0396,0.00396
-0.14402,0.15977,0,0.034418,0.014444,0.00054619,-0.17843,1,0.056284,0.0397,0.0397,0.00397
-0.14271,0.15846,0,0.034131,0.014394,0.00054686,-0.17894,1,0.056426,0.0398,0.0398,0.00398
-0.14139,0.15715,0,0.033845,0.014343,0.00054754,-0.17945,1,0.056568,0.0399,0.0399,0.00399
-0.14008,0.15584,0,0.03356,0.014293,0.00054822,-0.17997,1,0.05671,0.04,0.04,0.004
-0.13875,0.15452,0,0.033326,0.01425,0.00054884,-0.18041,1,0.056852,0.0401,0.0401,0.00401
-0.13743,0.15321,0,0.033093,0.014207,0.00054946,-0.18085,1,0.056993,0.0402,0.0402,0.00402
-0.1361,0.15189,0,0.03286,0.014165,0.00055009,-0.18128,1,0.057135,0.0403,0.0403,0.00403
-0.13478,0.15057,0,0.032628,0.014122,0.00055072,-0.18172,1,0.057277,0.0404,0.0404,0.00404
-0.13345,0.14924,0,0.032396,0.014079,0.00055134,-0.18216,1,0.057419,0.0405,0.0405,0.00405
-0.13211,0.14792,0,0.032164,0.014037,0.00055197,-0.1826,1,0.05756,0.0406,0.0406,0.00406
-0.13078,0.14659,0,0.031933,0.013994,0.0005526,-0.18304,1,0.057702,0.0407,0.0407,0.00407
-0.12944,0.14525,0,0.031702,0.013951,0.00055324,-0.18347,1,0.057844,0.0408,0.0408,0.00408
-0.1281,0.14392,0,0.031472,0.013908,0.00055387,-0.18391,1,0.057986,0.0409,0.0409,0.00409
-0.12676,0.14258,0,0.031242,0.013866,0.00055451,-0.18434,1,0.058128,0.041,0.041,0.0041
-0.12542,0.14124,0,0.031013,0.013823,0.00055515,-0.18478,1,0.058269,0.0411,0.0411,0.00411
-0.12407,0.1399,0,0.030784,0.01378,0.00055579,-0.18521,1,0.058411,0.0412,0.0412,0.00412
-0.12273,0.13856,0,0.030555,0.013737,0.00055643,-0.18564,1,0.058553,0.0413,0.0413,0.00413
-0.12138,0.13721,0,0.030327,0.013695,0.00055707,-0.18607,1,0.058695,0.0414,0.0414,0.00414
-0.12002,0.13586,0,0.030099,0.013652,0.00055771,-0.18651,1,0.058836,0.0415,0.0415,0.00415
-0.11867,0.13451,0,0.029872,0.013609,0.00055836,-0.18694,1,0.058978,0.0416,0.0416,0.00416
-0.11731,0.13316,0,0.02966,0.013569,0.00055898,-0.18734,1,0.05912,0.0417,0.0417,0.00417
-0.11595,0.1318,0,0.029478,0.013533,0.00055955,-0.1877,1,0.059262,0.0418,0.0418,0.00418
-0.11459,0.13044,0,0.029297,0.013498,0.00056012,-0.18806,1,0.059404,0.0419,0.0419,0.00419
-0.11323,0.12908,0,0.029116,0.013463,0.00056069,-0.18842,1,0.059545,0.042,0.042,0.0042
-0.11186,0.12772,0,0.028936,0.013427,0.00056126,-0.18878,1,0.059687,0.0421,0.0421,0.00421
-0.11049,0.12636,0,0.028756,0.013392,0.00056183,-0.18913,1,0.059829,0.0422,0.0422,0.00422
-0.10912,0.12499,0,0.028576,0.013357,0.0005624,-0.18949,1,0.059971,0.0423,0.0423,0.00423
-0.10775,0.12362,0,0.028396,0.013321,0.00056298,-0.18985,1,0.060112,0.0424,0.0424,0.00424
-0.10638,0.12225,0,0.028217,0.013286,0.00056355,-0.1902,1,0.060254,0.0425,0.0425,0.00425
-0.105,0.12088,0,0.028038,0.013251,0.00056413,-0.19056,1,0.060396,0.0426,0.0426,0.00426
-0.10363,0.11951,0,0.027859,0.013215,0.0005647,-0.19091,1,0.060538,0.0427,0.0427,0.00427
-0.10225,0.11813,0,0.027681,0.01318,0.00056528,-0.19127,1,0.060679,0.0428,0.0428,0.00428
-0.10087,0.11675,0,0.027503,0.013145,0.00056586,-0.19162,1,0.060821,0.0429,0.0429,0.00429
-0.099486,0.11537,0,0.027325,0.013109,0.00056644,-0.19198,1,0.060963,0.043,0.043,0.0043
-0.098102,0.11399,0,0.027148,0.013074,0.00056701,-0.19233,1,0.061105,0.0431,0.0431,0.00431
-0.096717,0.1126,0,0.026971,0.013038,0.00056759,-0.19268,1,0.061247,0.0432,0.0432,0.00432
-0.095329,0.11122,0,0.026795,0.013003,0.00056818,-0.19304,1,0.061388,0.0433,0.0433,0.00433
-0.093939,0.10983,0,0.026645,0.012972,0.00056869,-0.19334,1,0.06153,0.0434,0.0434,0.00434
-0.092546,0.10844,0,0.026508,0.012944,0.00056916,-0.19362,1,0.061672,0.0435,0.0435,0.00435
-0.091152,0.10704,0,0.026371,0.012916,0.00056964,-0.1939,1,0.061814,0.0436,0.0436,0.00436
-0.089756,0.10565,0,0.026235,0.012888,0.00057012,-0.19418,1,0.061955,0.0437,0.0437,0.00437
-0.088359,0.10425,0,0.026099,0.012859,0.0005706,-0.19446,1,0.062097,0.0438,0.0438,0.00438
-0.086961,0.10286,0,0.025963,0.012831,0.00057107,-0.19474,1,0.062239,0.0439,0.0439,0.00439
-0.085562,0.10146,0,0.025828,0.012803,0.00057155,-0.19502,1,0.062381,0.044,0.044,0.0044
-0.084161,0.10006,0,0.025692,0.012775,0.00057203,-0.1953,1,0.062523,0.0441,0.0441,0.00441
-0.082758,0.098654,0,0.025557,0.012746,0.0005725,-0.19558,1,0.062664,0.0442,0.0442,0.00442
-0.081354,0.09725,0,0.025422,0.012718,0.00057298,-0.19586,1,0.062806,0.0443,0.0443,0.00443
-0.079949,0.095844,0,0.025288,0.01269,0.00057346,-0.19614,1,0.062948,0.0444,0.0444,0.00444
-0.078543,0.094437,0,0.025153,0.012661,0.00057393,-0.19642,1,0.06309,0.0445,0.0445,0.00445
-0.077135,0.093028,0,0.025019,0.012633,0.00057441,-0.19669,1,0.063231,0.0446,0.0446,0.00446
-0.075726,0.091617,0,0.024885,0.012605,0.00057488,-0.19697,1,0.063373,0.0447,0.0447,0.00447
-0.074315,0.090204,0,0.024751,0.012576,0.00057536,-0.19725,1,0.063515,0.0448,0.0448,0.00448
-0.072903,0.08879,0,0.024618,0.012548,0.00057584,-0.19753,1,0.063657,0.0449,0.0449,0.00449
-0.071489,0.087375,0,0.024484,0.01252,0.00057631,-0.1978,1,0.063799,0.045,0.045,0.0045
-0.070072,0.085956,0,0.024386,0.012498,0.00057666,-0.19801,1,0.06394,0.0451,0.0451,0.00451
-0.068655,0.084537,0,0.024288,0.012476,0.00057701,-0.19821,1,0.064082,0.0452,0.0452,0.00452
-0.067236,0.083116,0,0.02419,0.012455,0.00057736,-0.19842,1,0.064224,0.0453,0.0453,0.00453
-0.065816,0.081694,0,0.024092,0.012433,0.0005777,-0.19862,1,0.064366,0.0454,0.0454,0.00454
-0.064395,0.080271,0,0.023994,0.012412,0.00057805,-0.19883,1,0.064507,0.0455,0.0455,0.00455
-0.062974,0.078846,0,0.023896,0.01239,0.00057839,-0.19903,1,0.064649,0.0456,0.0456,0.00456
-0.061551,0.077421,0,0.023799,0.012368,0.00057873,-0.19924,1,0.064791,0.0457,0.0457,0.00457
-0.060128,0.075994,0,0.023701,0.012347,0.00057908,-0.19944,1,0.064933,0.0458,0.0458,0.00458
-0.058703,0.074566,0,0.023604,0.012325,0.00057942,-0.19964,1,0.065074,0.0459,0.0459,0.00459
-0.057278,0.073136,0,0.023507,0.012303,0.00057976,-0.19985,1,0.065216,0.046,0.046,0.0046
-0.055851,0.071706,0,0.02341,0.012281,0.0005801,-0.20005,1,0.065358,0.0461,0.0461,0.00461
-0.054424,0.070274,0,0.023313,0.01226,0.00058044,-0.20026,1,0.0655,0.0462,0.0462,0.00462
-0.052995,0.068841,0,0.023216,0.012238,0.00058078,-0.20046,1,0.065642,0.0463,0.0463,0.00463
-0.051566,0.067407,0,0.02312,0.012216,0.00058111,-0.20066,1,0.065783,0.0464,0.0464,0.00464
-0.050136,0.065971,0,0.023023,0.012195,0.00058145,-0.20087,1,0.065925,0.0465,0.0465,0.00465
-0.048705,0.064535,0,0.022927,0.012173,0.00058179,-0.20107,1,0.066067,0.0466,0.0466,0.00466
-0.047272,0.063096,0,0.022841,0.012153,0.00058207,-0.20125,1,0.066209,0.0467,0.0467,0.00467
-0.045837,0.061656,0,0.022776,0.012138,0.00058226,-0.20138,1,0.06635,0.0468,0.0468,0.00468
-0.044401,0.060215,0,0.022711,0.012122,0.00058245,-0.20151,1,0.066492,0.0469,0.0469,0.00469
-0.042965,0.058773,0,0.022646,0.012107,0.00058263,-0.20164,1,0.066634,0.047,0.047,0.0047
-0.041529,0.05733,0,0.022581,0.012091,0.00058282,-0.20177,1,0.066776,0.0471,0.0471,0.00471
-0.040092,0.055887,0,0.022517,0.012076,0.000583,-0.2019,1,0.066918,0.0472,0.0472,0.00472
-0.038654,0.054442,0,0.022452,0.01206,0.00058318,-0.20203,1,0.067059,0.0473,0.0473,0.00473
-0.037216,0.052997,0,0.022387,0.012045,0.00058337,-0.20217,1,0.067201,0.0474,0.0474,0.00474
-0.035778,0.051551,0,0.022323,0.012029,0.00058354,-0.2023,1,0.067343,0.0475,0.0475,0.00475
-0.034338,0.050105,0,0.022258,0.012014,0.00058372,-0.20243,1,0.067485,0.0476,0.0476,0.00476
-0.032899,0.048657,0,0.022194,0.011998,0.0005839,-0.20256,1,0.067626,0.0477,0.0477,0.00477
-0.031459,0.047209,0,0.022129,0.011983,0.00058407,-0.20269,1,0.067768,0.0478,0.0478,0.00478
-0.030018,0.04576,0,0.022065,0.011967,0.00058425,-0.20282,1,0.06791,0.0479,0.0479,0.00479
-0.028577,0.04431,0,0.022001,0.011952,0.00058442,-0.20295,1,0.068052,0.048,0.048,0.0048
-0.027135,0.042859,0,0.021937,0.011936,0.00058459,-0.20308,1,0.068194,0.0481,0.0481,0.00481
-0.025693,0.041408,0,0.021873,0.011921,0.00058476,-0.20321,1,0.068335,0.0482,0.0482,0.00482
-0.02425,0.039955,0,0.021809,0.011905,0.00058492,-0.20334,1,0.068477,0.0483,0.0483,0.00483
-0.022805,0.038501,0,0.021764,0.011893,0.00058499,-0.20342,1,0.068619,0.0484,0.0484,0.00484
-0.02136,0.037046,0,0.021728,0.011884,0.000585,-0.20348,1,0.068761,0.0485,0.0485,0.00485
-0.019914,0.035591,0,0.021693,0.011874,0.00058501,-0.20354,1,0.068902,0.0486,0.0486,0.00486
-0.018469,0.034135,0,0.021658,0.011865,0.00058502,-0.2036,1,0.069044,0.0487,0.0487,0.00487
-0.017023,0.032679,0,0.021622,0.011855,0.00058502,-0.20366,1,0.069186,0.0488,0.0488,0.00488
-0.015577,0.031222,0,0.021587,0.011845,0.00058503,-0.20372,1,0.069328,0.0489,0.0489,0.00489
-0.014131,0.029765,0,0.021552,0.011836,0.00058503,-0.20377,1,0.069469,0.049,0.049,0.0049
-0.012685,0.028308,0,0.021516,0.011826,0.00058504,-0.20383,1,0.069611,0.0491,0.0491,0.00491
-0.011239,0.02685,0,0.021481,0.011816,0.00058504,-0.20389,1,0.069753,0.0492,0.0492,0.00492
-0.0097932,0.025392,0,0.021446,0.011807,0.00058504,-0.20395,1,0.069895,0.0493,0.0493,0.00493
-0.008347,0.023934,0,0.02141,0.011797,0.00058503,-0.20401,1,0.070037,0.0494,0.0494,0.00494
-0.0069007,0.022475,0,0.021375,0.011787,0.00058503,-0.20407,1,0.070178,0.0495,0.0495,0.00495
-0.0054543,0.021016,0,0.02134,0.011777,0.00058502,-0.20412,1,0.07032,0.0496,0.0496,0.00496
-0.0040078,0.019557,0,0.021304,0.011768,0.00058502,-0.20418,1,0.070462,0.0497,0.0497,0.00497
-0.0025613,0.018097,0,0.021269,0.011758,0.00058501,-0.20424,1,0.070604,0.0498,0.0498,0.00498
-0.0011146,0.016637,0,0.021233,0.011748,0.000585,-0.2043,1,0.070745,0.0499,0.0499,0.00499
0.0003321,0.015176,0,0.021198,0.011738,0.00058499,-0.20436,1,0.070887,0.05,0.05,0.005
0.0017808,0.013714,0,0.021189,0.011734,0.00058483,-0.20434,1,0.071029,0.0501,0.0501,0.00501
0.0032291,0.012251,0,0.021181,0.01173,0.00058468,-0.20433,1,0.071171,0.0502,0.0502,0.00502
0.0046772,0.010789,0,0.021172,0.011726,0.00058452,-0.20432,1,0.071313,0.0503,0.0503,0.00503
0.0061248,0.0093266,0,0.021164,0.011722,0.00058435,-0.2043,1,0.071454,0.0504,0.0504,0.00504
0.0075721,0.0078644,0,0.021155,0.011718,0.00058419,-0.20429,1,0.071596,0.0505,0.0505,0.00505
0.009019,0.0064023,0,0.021146,0.011714,0.00058403,-0.20427,1,0.071738,0.0506,0.0506,0.00506
0.010466,0.0049402,0,0.021138,0.01171,0.00058386,-0.20426,1,0.07188,0.0507,0.0507,0.00507
0.011912,0.0034783,0,0.021129,0.011706,0.00058369,-0.20424,1,0.072021,0.0508,0.0508,0.00508
0.013358,0.0020164,0,0.02112,0.011702,0.00058352,-0.20423,1,0.072163,0.0509,0.0509,0.00509
0.014803,0.0005546,0,0.021111,0.011698,0.00058335,-0.20422,1,0.072305,0.051,0.051,0.0051
0.016248,-0.00090715,0,0.021103,0.011694,0.00058318,-0.2042,1,0.072447,0.0511,0.0511,0.00511
0.017693,-0.0023688,0,0.021094,0.011689,0.00058301,-0.20419,1,0.072589,0.0512,0.0512,0.00512
0.019138,-0.0038304,0,0.021085,0.011685,0.00058283,-0.20417,1,0.07273,0.0513,0.0513,0.00513
0.020582,-0.0052919,0,0.021076,0.011681,0.00058266,-0.20416,1,0.072872,0.0514,0.0514,0.00514
0.022026,-0.0067533,0,0.021067,0.011677,0.00058248,-0.20415,1,0.073014,0.0515,0.0515,0.00515
0.023469,-0.0082147,0,0.021059,0.011673,0.0005823,-0.20413,1,0.073156,0.0516,0.0516,0.00516
0.024913,-0.0096765,0,0.021059,0.01167,0.00058207,-0.20409,1,0.073297,0.0517,0.0517,0.00517
0.026357,-0.011139,0,0.021076,0.011672,0.00058176,-0.20401,1,0.073439,0.0518,0.0518,0.00518
0.027801,-0.012601,0,0.021093,0.011673,0.00058144,-0.20392,1,0.073581,0.0519,0.0519,0.00519
0.029244,-0.014063,0,0.02111,0.011675,0.00058113,-0.20383,1,0.073723,0.052,0.052,0.0052
0.030686,-0.015524,0,0.021127,0.011676,0.00058081,-0.20375,1,0.073864,0.0521,0.0521,0.00521
0.032127,-0.016984,0,0.021144,0.011678,0.00058049,-0.20366,1,0.074006,0.0522,0.0522,0.00522
0.033568,-0.018445,0,0.021161,0.011679,0.00058017,-0.20357,1,0.074148,0.0523,0.0523,0.00523
0.035007,-0.019904,0,0.021178,0.011681,0.00057985,-0.20349,1,0.07429,0.0524,0.0524,0.00524
0.036446,-0.021363,0,0.021195,0.011682,0.00057953,-0.2034,1,0.074432,0.0525,0.0525,0.00525
0.037884,-0.022821,0,0.021212,0.011684,0.00057921,-0.20331,1,0.074573,0.0526,0.0526,0.00526
0.039322,-0.024279,0,0.021229,0.011685,0.00057889,-0.20323,1,0.074715,0.0527,0.0527,0.00527
0.040758,-0.025737,0,0.021246,0.011686,0.00057857,-0.20314,1,0.074857,0.0528,0.0528,0.00528
0.042194,-0.027194,0,0.021263,0.011688,0.00057824,-0.20305,1,0.074999,0.0529,0.0529,0.00529
0.043629,-0.02865,0,0.02128,0.011689,0.00057792,-0.20296,1,0.07514,0.053,0.053,0.0053
0.045063,-0.030106,0,0.021297,0.011691,0.00057759,-0.20288,1,0.075282,0.0531,0.0531,0.00531
0.046497,-0.031561,0,0.021313,0.011692,0.00057727,-0.20279,1,0.075424,0.0532,0.0532,0.00532
0.047929,-0.033016,0,0.02133,0.011693,0.00057694,-0.2027,1,0.075566,0.0533,0.0533,0.00533
0.049362,-0.034471,0,0.021364,0.011698,0.00057654,-0.20257,1,0.075708,0.0534,0.0534,0.00534
0.050795,-0.035926,0,0.021408,0.011706,0.0005761,-0.20241,1,0.075849,0.0535,0.0535,0.00535
0.052227,-0.03738,0,0.021451,0.011713,0.00057566,-0.20225,1,0.075991,0.0536,0.0536,0.00536
0.053657,-0.038833,0,0.021494,0.01172,0.00057523,-0.20209,1,0.076133,0.0537,0.0537,0.00537
0.055086,-0.040285,0,0.021537,0.011727,0.00057479,-0.20193,1,0.076275,0.0538,0.0538,0.00538
0.056514,-0.041736,0,0.02158,0.011734,0.00057435,-0.20176,1,0.076416,0.0539,0.0539,0.00539
0.05794,-0.043186,0,0.021623,0.011742,0.00057391,-0.2016,1,0.076558,0.054,0.054,0.0054
0.059366,-0.044635,0,0.021665,0.011749,0.00057347,-0.20144,1,0.0767,0.0541,0.0541,0.00541
0.06079,-0.046083,0,0.021708,0.011756,0.00057304,-0.20128,1,0.076842,0.0542,0.0542,0.00542
0.062213,-0.04753,0,0.021751,0.011763,0.0005726,-0.20112,1,0.076984,0.0543,0.0543,0.00543
0.063634,-0.048976,0,0.021794,0.01177,0.00057216,-0.20096,1,0.077125,0.0544,0.0544,0.00544
0.065055,-0.050421,0,0.021836,0.011777,0.00057172,-0.2008,1,0.077267,0.0545,0.0545,0.00545
0.066474,-0.051865,0,0.021879,0.011784,0.00057129,-0.20064,1,0.077409,0.0546,0.0546,0.00546
0.067892,-0.053308,0,0.021922,0.011791,0.00057085,-0.20047,1,0.077551,0.0547,0.0547,0.00547
0.069309,-0.054751,0,0.021964,0.011798,0.00057041,-0.20031,1,0.077692,0.0548,0.0548,0.00548
0.070725,-0.056192,0,0.022007,0.011805,0.00056998,-0.20015,1,0.077834,0.0549,0.0549,0.00549
0.072139,-0.057632,0,0.022049,0.011812,0.00056954,-0.19999,1,0.077976,0.055,0.055,0.0055
0.073554,-0.059072,0,0.02212,0.011825,0.00056901,-0.19975,1,0.078118,0.0551,0.0551,0.00551
0.074968,-0.060511,0,0.022192,0.011838,0.00056849,-0.19952,1,0.07826,0.0552,0.0552,0.00552
0.07638,-0.061949,0,0.022263,0.011852,0.00056796,-0.19928,1,0.078401,0.0553,0.0553,0.00553
0.07779,-0.063385,0,0.022334,0.011865,0.00056744,-0.19905,1,0.078543,0.0554,0.0554,0.00554
0.079198,-0.06482,0,0.022405,0.011878,0.00056692,-0.19881,1,0.078685,0.0555,0.0555,0.00555
0.080605,-0.066253,0,0.022477,0.011892,0.0005664,-0.19857,1,0.078827,0.0556,0.0556,0.00556
0.08201,-0.067685,0,0.022548,0.011905,0.00056588,-0.19834,1,0.078968,0.0557,0.0557,0.00557
0.083414,-0.069115,0,0.022619,0.011918,0.00056536,-0.1981,1,0.07911,0.0558,0.0558,0.00558
0.084816,-0.070544,0,0.02269,0.011931,0.00056484,-0.19786,1,0.079252,0.0559,0.0559,0.00559
0.086216,-0.071972,0,0.022761,0.011945,0.00056432,-0.19763,1,0.079394,0.056,0.056,0.0056
0.087615,-0.073398,0,0.022833,0.011958,0.0005638,-0.19739,1,0.079535,0.0561,0.0561,0.00561
0.089012,-0.074822,0,0.022904,0.011971,0.00056328,-0.19715,1,0.079677,0.0562,0.0562,0.00562
0.090407,-0.076245,0,0.022975,0.011984,0.00056277,-0.19691,1,0.079819,0.0563,0.0563,0.00563
0.091801,-0.077667,0,0.023046,0.011997,0.00056225,-0.19667,1,0.079961,0.0564,0.0564,0.00564
0.093192,-0.079087,0,0.023117,0.01201,0.00056174,-0.19643,1,0.080103,0.0565,0.0565,0.00565
0.094583,-0.080506,0,0.023188,0.012024,0.00056122,-0.19619,1,0.080244,0.0566,0.0566,0.00566
0.095972,-0.081923,0,0.02327,0.012039,0.00056069,-0.19593,1,0.080386,0.0567,0.0567,0.00567
0.097361,-0.08334,0,0.023373,0.012059,0.00056013,-0.19562,1,0.080528,0.0568,0.0568,0.00568
0.098748,-0.084755,0,0.023476,0.012079,0.00055957,-0.19531,1,0.08067,0.0569,0.0569,0.00569
0.10013,-0.086167,0,0.023578,0.012099,0.00055901,-0.19499,1,0.080811,0.057,0.057,0.0057
0.10152,-0.087578,0,0.023681,0.012119,0.00055845,-0.19468,1,0.080953,0.0571,0.0571,0.00571
0.1029,-0.088987,0,0.023784,0.01214,0.00055789,-0.19436,1,0.081095,0.0572,0.0572,0.00572
0.10427,-0.090394,0,0.023887,0.01216,0.00055733,-0.19405,1,0.081237,0.0573,0.0573,0.00573
0.10565,-0.091799,0,0.02399,0.01218,0.00055678,-0.19373,1,0.081379,0.0574,0.0574,0.00574
0.10703,-0.093202,0,0.024094,0.0122,0.00055623,-0.19342,1,0.08152,0.0575,0.0575,0.00575
0.1084,-0.094603,0,0.024197,0.01222,0.00055568,-0.1931,1,0.081662,0.0576,0.0576,0.00576
0.10977,-0.096002,0,0.0243,0.01224,0.00055513,-0.19279,1,0.081804,0.0577,0.0577,0.00577
0.11114,-0.097399,0,0.024403,0.01226,0.00055458,-0.19247,1,0.081946,0.0578,0.0578,0.00578
0.1125,-0.098795,0,0.024507,0.01228,0.00055404,-0.19215,1,0.082087,0.0579,0.0579,0.00579
0.11387,-0.10019,0,0.02461,0.0123,0.00055349,-0.19183,1,0.082229,0.058,0.058,0.0058
0.11523,-0.10158,0,0.024714,0.01232,0.00055295,-0.19152,1,0.082371,0.0581,0.0581,0.00581
0.11659,-0.10297,0,0.024817,0.01234,0.00055241,-0.1912,1,0.082513,0.0582,0.0582,0.00582
0.11794,-0.10436,0,0.024921,0.01236,0.00055187,-0.19088,1,0.082655,0.0583,0.0583,0.00583
0.1193,-0.10574,0,0.025048,0.012385,0.00055132,-0.19051,1,0.082796,0.0584,0.0584,0.00584
0.12066,-0.10713,0,0.025186,0.012412,0.00055077,-0.19012,1,0.082938,0.0585,0.0585,0.00585
0.12201,-0.10851,0,0.025325,0.01244,0.00055022,-0.18972,1,0.08308,0.0586,0.0586,0.00586
0.12336,-0.10989,0,0.025463,0.012467,0.00054967,-0.18933,1,0.083222,0.0587,0.0587,0.00587
0.12471,-0.11126,0,0.025602,0.012495,0.00054913,-0.18893,1,0.083363,0.0588,0.0588,0.00588
0.12605,-0.11264,0,0.025741,0.012522,0.00054859,-0.18854,1,0.083505,0.0589,0.0589,0.00589
0.1274,-0.11401,0,0.02588,0.012549,0.00054805,-0.18814,1,0.083647,0.059,0.059,0.0059
0.12874,-0.11538,0,0.026019,0.012577,0.00054751,-0.18775,1,0.083789,0.0591,0.0591,0.00591
0.13007,-0.11674,0,0.026158,0.012604,0.00054698,-0.18735,1,0.08393,0.0592,0.0592,0.00592
0.13141,-0.11811,0,0.026298,0.012632,0.00054644,-0.18695,1,0.084072,0.0593,0.0593,0.00593
0.13274,-0.11947,0,0.026437,0.012659,0.00054591,-0.18655,1,0.084214,0.0594,0.0594,0.00594
0.13407,-0.12083,0,0.026577,0.012686,0.00054539,-0.18615,1,0.084356,0.0595,0.0595,0.00595
0.1354,-0.12218,0,0.026717,0.012714,0.00054486,-0.18575,1,0.084498,0.0596,0.0596,0.00596
0.13672,-0.12354,0,0.026856,0.012741,0.00054434,-0.18535,1,0.084639,0.0597,0.0597,0.00597
0.13804,-0.12489,0,0.026996,0.012769,0.00054382,-0.18495,1,0.084781,0.0598,0.0598,0.00598
0.13936,-0.12624,0,0.027136,0.012796,0.0005433,-0.18455,1,0.084923,0.0599,0.0599,0.00599
0.14068,-0.12759,0,0.027277,0.012823,0.00054278,-0.18415,1,0.085065,0.06,0.06,0.006
0.142,-0.12893,0,0.027456,0.012859,0.00054229,-0.18367,1,0.085206,0.0601,0.0601,0.00601
0.14331,-0.13027,0,0.027636,0.012894,0.00054179,-0.18319,1,0.085348,0.0602,0.0602,0.00602
0.14462,-0.13161,0,0.027816,0.01293,0.0005413,-0.18272,1,0.08549,0.0603,0.0603,0.00603
0.14593,-0.13295,0,0.027997,0.012965,0.00054081,-0.18224,1,0.085632,0.0604,0.0604,0.00604
0.14723,-0.13428,0,0.028177,0.013001,0.00054032,-0.18176,1,0.085774,0.0605,0.0605,0.00605
0.14854,-0.13561,0,0.028358,0.013036,0.00053984,-0.18128,1,0.085915,0.0606,0.0606,0.00606
0.14983,-0.13693,0,0.028539,0.013072,0.00053936,-0.1808,1,0.086057,0.0607,0.0607,0.00607
0.15113,-0.13826,0,0.02872,0.013107,0.00053888,-0.18032,1,0.086199,0.0608,0.0608,0.00608
0.15242,-0.13958,0,0.028901,0.013143,0.0005384,-0.17983,1,0.086341,0.0609,0.0609,0.00609
0.15371,-0.14089,0,0.029082,0.013178,0.00053793,-0.17935,1,0.086482,0.061,0.061,0.0061
0.155,-0.14221,0,0.029264,0.013214,0.00053746,-0.17886,1,0.086624,0.0611,0.0611,0.00611
0.15628,-0.14352,0,0.029445,0.013249,0.000537,-0.17838,1,0.086766,0.0612,0.0612,0.00612
0.15756,-0.14483,0,0.029627,0.013285,0.00053653,-0.17789,1,0.086908,0.0613,0.0613,0.00613
0.15884,-0.14613,0,0.029809,0.01332,0.00053607,-0.1774,1,0.08705,0.0614,0.0614,0.00614
0.16012,-0.14744,0,0.029991,0.013356,0.00053561,-0.17692,1,0.087191,0.0615,0.0615,0.00615
0.16139,-0.14874,0,0.030174,0.013391,0.00053516,-0.17643,1,0.087333,0.0616,0.0616,0.00616
0.16266,-0.15003,0,0.030372,0.013429,0.00053472,-0.17591,1,0.087475,0.0617,0.0617,0.00617
0.16392,-0.15132,0,0.0306,0.013474,0.00053431,-0.17535,1,0.087617,0.0618,0.0618,0.00618
0.16519,-0.15261,0,0.030828,0.013518,0.0005339,-0.17479,1,0.087758,0.0619,0.0619,0.00619
0.16645,-0.1539,0,0.031057,0.013562,0.0005335,-0.17422,1,0.0879,0.062,0.062,0.0062
0.1677,-0.15518,0,0.031286,0.013607,0.0005331,-0.17365,1,0.088042,0.0621,0.0621,0.00621
0.16896,-0.15646,0,0.031515,0.013651,0.0005327,-0.17309,1,0.088184,0.0622,0.0622,0.00622
0.17021,-0.15773,0,0.031744,0.013695,0.00053231,-0.17252,1,0.088325,0.0623,0.0623,0.00623
0.17145,-0.159,0,0.031974,0.013739,0.00053192,-0.17195,1,0.088467,0.0624,0.0624,0.00624
0.1727,-0.16027,0,0.032204,0.013784,0.00053153,-0.17138,1,0.088609,0.0625,0.0625,0.00625
0.17394,-0.16153,0,0.032434,0.013828,0.00053114,-0.1708,1,0.088751,0.0626,0.0626,0.00626
0.17517,-0.16279,0,0.032664,0.013872,0.00053076,-0.17023,1,0.088893,0.0627,0.0627,0.00627
0.1764,-0.16405,0,0.032895,0.013916,0.00053038,-0.16966,1,0.089034,0.0628,0.0628,0.00628
0.17763,-0.1653,0,0.033126,0.01396,0.00053,-0.16908,1,0.089176,0.0629,0.0629,0.00629
0.17886,-0.16655,0,0.033357,0.014004,0.00052963,-0.1685,1,0.089318,0.063,0.063,0.0063
0.18008,-0.1678,0,0.033588,0.014048,0.00052926,-0.16793,1,0.08946,0.0631,0.0631,0.00631
0.1813,-0.16904,0,0.03382,0.014093,0.0005289,-0.16735,1,0.089601,0.0632,0.0632,0.00632
0.18251,-0.17028,0,0.034051,0.014137,0.00052853,-0.16677,1,0.089743,0.0633,0.0633,0.00633
0.18372,-0.17151,0,0.034318,0.014187,0.00052821,-0.16614,1,0.089885,0.0634,0.0634,0.00634
0.18493,-0.17274,0,0.034603,0.014241,0.00052791,-0.16548,1,0.090027,0.0635,0.0635,0.00635
0.18614,-0.17396,0,0.034888,0.014294,0.00052761,-0.16483,1,0.090169,0.0636,0.0636,0.00636
0.18734,-0.17518,0,0.035173,0.014348,0.00052731,-0.16417,1,0.09031,0.0637,0.0637,0.00637
0.18854,-0.1764,0,0.035459,0.014402,0.00052701,-0.16351,1,0.090452,0.0638,0.0638,0.00638
0.18973,-0.17761,0,0.035745,0.014455,0.00052672,-0.16285,1,0.090594,0.0639,0.0639,0.00639
0.19092,-0.17882,0,0.036031,0.014509,0.00052644,-0.16219,1,0.090736,0.064,0.064,0.0064
0.1921,-0.18002,0,0.036318,0.014562,0.00052615,-0.16153,1,0.090877,0.0641,0.0641,0.00641
0.19328,-0.18122,0,0.036604,0.014616,0.00052587,-0.16086,1,0.091019,0.0642,0.0642,0.00642
0.19446,-0.18241,0,0.036891,0.014669,0.00052559,-0.1602,1,0.091161,0.0643,0.0643,0.00643
0.19563,-0.18361,0,0.037179,0.014722,0.00052531,-0.15953,1,0.091303,0.0644,0.0644,0.00644
0.1968,-0.18479,0,0.037466,0.014776,0.00052504,-0.15886,1,0.091445,0.0645,0.0645,0.00645
0.19796,-0.18598,0,0.037754,0.014829,0.00052477,-0.15819,1,0.091586,0.0646,0.0646,0.00646
0.19912,-0.18716,0,0.038042,0.014882,0.0005245,-0.15752,1,0.091728,0.0647,0.0647,0.00647
0.20028,-0.18833,0,0.038331,0.014936,0.00052424,-0.15684,1,0.09187,0.0648,0.0648,0.00648
0.20143,-0.1895,0,0.03862,0.014989,0.00052397,-0.15617,1,0.092012,0.0649,0.0649,0.00649
0.20258,-0.19067,0,0.038909,0.015042,0.00052371,-0.15549,1,0.092153,0.065,0.065,0.0065
0.20372,-0.19182,0,0.039259,0.015106,0.00052352,-0.15475,1,0.092295,0.0651,0.0651,0.00651
0.20486,-0.19298,0,0.039609,0.015169,0.00052333,-0.154,1,0.092437,0.0652,0.0652,0.00652
0.206,-0.19412,0,0.03996,0.015232,0.00052314,-0.15325,1,0.092579,0.0653,0.0653,0.00653
0.20713,-0.19527,0,0.040311,0.015296,0.00052295,-0.15249,1,0.092721,0.0654,0.0654,0.00654
0.20826,-0.1964,0,0.040663,0.015359,0.00052276,-0.15174,1,0.092862,0.0655,0.0655,0.00655
0.20938,-0.19754,0,0.041014,0.015422,0.00052258,-0.15098,1,0.093004,0.0656,0.0656,0.00656
0.21049,-0.19867,0,0.041367,0.015485,0.0005224,-0.15022,1,0.093146,0.0657,0.0657,0.00657
0.2116,-0.19979,0,0.041719,0.015548,0.00052222,-0.14946,1,0.093288,0.0658,0.0658,0.00658
0.21271,-0.20091,0,0.042072,0.015611,0.00052205,-0.1487,1,0.093429,0.0659,0.0659,0.00659
0.21381,-0.20202,0,0.042425,0.015674,0.00052187,-0.14794,1,0.093571,0.066,0.066,0.0066
0.21491,-0.20313,0,0.042778,0.015737,0.0005217,-0.14717,1,0.093713,0.0661,0.0661,0.00661
0.21601,-0.20424,0,0.043132,0.0158,0.00052153,-0.14641,1,0.093855,0.0662,0.0662,0.00662
0.21709,-0.20534,0,0.043485,0.015863,0.00052137,-0.14564,1,0.093996,0.0663,0.0663,0.00663
0.21818,-0.20643,0,0.04384,0.015926,0.0005212,-0.14487,1,0.094138,0.0664,0.0664,0.00664
0.21926,-0.20753,0,0.044194,0.015988,0.00052104,-0.14409,1,0.09428,0.0665,0.0665,0.00665
0.22033,-0.20861,0,0.044549,0.016051,0.00052088,-0.14332,1,0.094422,0.0666,0.0666,0.00666
0.2214,-0.20969,0,0.044928,0.016117,0.00052074,-0.14252,1,0.094564,0.0667,0.0667,0.00667
0.22247,-0.21076,0,0.045354,0.01619,0.00052065,-0.14168,1,0.094705,0.0668,0.0668,0.00668
0.22353,-0.21182,0,0.04578,0.016264,0.00052055,-0.14083,1,0.094847,0.0669,0.0669,0.00669
0.22458,-0.21288,0,0.046206,0.016337,0.00052046,-0.13998,1,0.094989,0.067,0.067,0.0067
0.22563,-0.21393,0,0.046633,0.01641,0.00052037,-0.13913,1,0.095131,0.0671,0.0671,0.00671
0.22667,-0.21498,0,0.04706,0.016483,0.00052028,-0.13827,1,0.095272,0.0672,0.0672,0.00672
0.22771,-0.21602,0,0.047487,0.016556,0.00052019,-0.13742,1,0.095414,0.0673,0.0673,0.00673
0.22874,-0.21706,0,0.047915,0.016628,0.00052011,-0.13656,1,0.095556,0.0674,0.0674,0.00674
0.22977,-0.21809,0,0.048343,0.016701,0.00052002,-0.1357,1,0.095698,0.0675,0.0675,0.00675
0.23079,-0.21911,0,0.048771,0.016774,0.00051994,-0.13483,1,0.09584,0.0676,0.0676,0.00676
0.2318,-0.22013,0,0.049199,0.016846,0.00051986,-0.13397,1,0.095981,0.0677,0.0677,0.00677
0.23282,-0.22115,0,0.049628,0.016919,0.00051977,-0.1331,1,0.096123,0.0678,0.0678,0.00678
0.23382,-0.22216,0,0.050057,0.016991,0.0005197,-0.13223,1,0.096265,0.0679,0.0679,0.00679
0.23482,-0.22316,0,0.050487,0.017063,0.00051962,-0.13136,1,0.096407,0.068,0.068,0.0068
0.23582,-0.22416,0,0.050917,0.017135,0.00051954,-0.13049,1,0.096548,0.0681,0.0681,0.00681
0.23681,-0.22515,0,0.051347,0.017207,0.00051947,-0.12961,1,0.09669,0.0682,0.0682,0.00682
0.23779,-0.22614,0,0.051777,0.017279,0.00051939,-0.12873,1,0.096832,0.0683,0.0683,0.00683
0.23877,-0.22712,0,0.052262,0.017359,0.00051935,-0.12781,1,0.096974,0.0684,0.0684,0.00684
0.23974,-0.22808,0,0.052774,0.017442,0.00051933,-0.12687,1,0.097116,0.0685,0.0685,0.00685
0.2407,-0.22904,0,0.053287,0.017525,0.00051931,-0.12592,1,0.097257,0.0686,0.0686,0.00686
0.24166,-0.22999,0,0.0538,0.017607,0.00051928,-0.12496,1,0.097399,0.0687,0.0687,0.00687
0.24261,-0.23094,0,0.054313,0.01769,0.00051926,-0.12401,1,0.097541,0.0688,0.0688,0.00688
0.24356,-0.23188,0,0.054826,0.017772,0.00051924,-0.12305,1,0.097683,0.0689,0.0689,0.00689
0.2445,-0.23282,0,0.05534,0.017855,0.00051922,-0.1221,1,0.097824,0.069,0.069,0.0069
0.24543,-0.23375,0,0.055854,0.017937,0.00051919,-0.12113,1,0.097966,0.0691,0.0691,0.00691
0.24636,-0.23467,0,0.056368,0.018019,0.00051917,-0.12017,1,0.098108,0.0692,0.0692,0.00692
0.24728,-0.23559,0,0.056882,0.018101,0.00051915,-0.1192,1,0.09825,0.0693,0.0693,0.00693
0.2482,-0.2365,0,0.057397,0.018183,0.00051913,-0.11823,1,0.098391,0.0694,0.0694,0.00694
0.24911,-0.2374,0,0.057912,0.018264,0.00051911,-0.11726,1,0.098533,0.0695,0.0695,0.00695
0.25002,-0.2383,0,0.058427,0.018346,0.00051909,-0.11629,1,0.098675,0.0696,0.0696,0.00696
0.25091,-0.2392,0,0.058942,0.018427,0.00051907,-0.11531,1,0.098817,0.0697,0.0697,0.00697
0.25181,-0.24008,0,0.059458,0.018508,0.00051905,-0.11433,1,0.098959,0.0698,0.0698,0.00698
0.25269,-0.24097,0,0.059974,0.018589,0.00051904,-0.11335,1,0.0991,0.0699,0.0699,0.00699
0.25357,-0.24184,0,0.060491,0.01867,0.00051902,-0.11237,1,0.099242,0.07,0.07,0.007
0.25444,-0.2427,0,0.061102,0.018763,0.00051902,-0.11132,1,0.099384,0.0701,0.0701,0.00701
0.2553,-0.24354,0,0.061713,0.018855,0.00051902,-0.11027,1,0.099526,0.0702,0.0702,0.00702
0.25616,-0.24438,0,0.062324,0.018946,0.00051902,-0.10922,1,0.099667,0.0703,0.0703,0.00703
0.257,-0.24522,0,0.062935,0.019038,0.00051902,-0.10816,1,0.099809,0.0704,0.0704,0.00704
0.25784,-0.24605,0,0.063547,0.01913,0.00051902,-0.10711,1,0.099951,0.0705,0.0705,0.00705
0.25868,-0.24687,0,0.064159,0.019221,0.00051901,-0.10605,1,0.10009,0.0706,0.0706,0.00706
0.2595,-0.24768,0,0.064771,0.019312,0.00051901,-0.10498,1,0.10023,0.0707,0.0707,0.00707
0.26032,-0.24849,0,0.065383,0.019403,0.00051901,-0.10392,1,0.10038,0.0708,0.0708,0.00708
0.26114,-0.24929,0,0.065996,0.019494,0.000519,-0.10285,1,0.10052,0.0709,0.0709,0.00709
0.26195,-0.25009,0,0.066609,0.019584,0.00051899,-0.10177,1,0.10066,0.071,0.071,0.0071
0.26275,-0.25087,0,0.067222,0.019674,0.00051899,-0.1007,1,0.1008,0.0711,0.0711,0.00711
0.26354,-0.25165,0,0.067835,0.019764,0.00051898,-0.099621,1,0.10094,0.0712,0.0712,0.00712
0.26433,-0.25243,0,0.068448,0.019854,0.00051897,-0.098539,1,0.10109,0.0713,0.0713,0.00713
0.26511,-0.2532,0,0.069062,0.019944,0.00051896,-0.097455,1,0.10123,0.0714,0.0714,0.00714
0.26588,-0.25396,0,0.069675,0.020034,0.00051895,-0.096368,1,0.10137,0.0715,0.0715,0.00715
0.26665,-0.25471,0,0.070289,0.020123,0.00051894,-0.095279,1,0.10151,0.0716,0.0716,0.00716
0.2674,-0.25545,0,0.07094,0.020216,0.00051892,-0.094168,1,0.10165,0.0717,0.0717,0.00717
0.26815,-0.25618,0,0.071664,0.020316,0.00051888,-0.093019,1,0.10179,0.0718,0.0718,0.00718
0.26888,-0.25689,0,0.072388,0.020416,0.00051885,-0.091867,1,0.10194,0.0719,0.0719,0.00719
0.26961,-0.2576,0,0.073112,0.020516,0.00051881,-0.090712,1,0.10208,0.072,0.072,0.0072
0.27033,-0.2583,0,0.073836,0.020615,0.00051877,-0.089553,1,0.10222,0.0721,0.0721,0.00721
0.27104,-0.25899,0,0.07456,0.020714,0.00051872,-0.088391,1,0.10236,0.0722,0.0722,0.00722
0.27174,-0.25968,0,0.075284,0.020813,0.00051868,-0.087225,1,0.1025,0.0723,0.0723,0.00723
0.27244,-0.26036,0,0.076009,0.020912,0.00051863,-0.086056,1,0.10264,0.0724,0.0724,0.00724
0.27313,-0.26103,0,0.076733,0.02101,0.00051858,-0.084884,1,0.10279,0.0725,0.0725,0.00725
0.27381,-0.26169,0,0.077458,0.021108,0.00051853,-0.083709,1,0.10293,0.0726,0.0726,0.00726
0.27449,-0.26235,0,0.078183,0.021206,0.00051847,-0.08253,1,0.10307,0.0727,0.0727,0.00727
0.27516,-0.263,0,0.078908,0.021304,0.00051841,-0.081348,1,0.10321,0.0728,0.0728,0.00728
0.27582,-0.26364,0,0.079633,0.021401,0.00051835,-0.080163,1,0.10335,0.0729,0.0729,0.00729
0.27647,-0.26428,0,0.080358,0.021498,0.00051829,-0.078974,1,0.1035,0.073,0.073,0.0073
0.27711,-0.26491,0,0.081083,0.021595,0.00051823,-0.077782,1,0.10364,0.0731,0.0731,0.00731
0.27775,-0.26553,0,0.081808,0.021691,0.00051816,-0.076587,1,0.10378,0.0732,0.0732,0.00732
0.27838,-0.26614,0,0.082534,0.021788,0.0005181,-0.075388,1,0.10392,0.0733,0.0733,0.00733
0.27899,-0.26673,0,0.083345,0.021891,0.00051797,-0.074156,1,0.10406,0.0734,0.0734,0.00734
0.27959,-0.26731,0,0.084198,0.021997,0.00051782,-0.072906,1,0.1042,0.0735,0.0735,0.00735
0.28019,-0.26788,0,0.085051,0.022103,0.00051767,-0.071651,1,0.10435,0.0736,0.0736,0.00736
0.28077,-0.26844,0,0.085904,0.022209,0.00051751,-0.070393,1,0.10449,0.0737,0.0737,0.00737
0.28134,-0.26899,0,0.086757,0.022314,0.00051734,-0.069132,1,0.10463,0.0738,0.0738,0.00738
0.28191,-0.26954,0,0.087611,0.022419,0.00051718,-0.067866,1,0.10477,0.0739,0.0739,0.00739
0.28247,-0.27008,0,0.088464,0.022524,0.00051701,-0.066597,1,0.10491,0.074,0.074,0.0074
0.28302,-0.2706,0,0.089317,0.022628,0.00051684,-0.065324,1,0.10505,0.0741,0.0741,0.00741
0.28356,-0.27113,0,0.09017,0.022732,0.00051666,-0.064047,1,0.1052,0.0742,0.0742,0.00742
0.28409,-0.27164,0,0.091023,0.022836,0.00051648,-0.062766,1,0.10534,0.0743,0.0743,0.00743
0.28462,-0.27214,0,0.091877,0.022939,0.00051629,-0.061482,1,0.10548,0.0744,0.0744,0.00744
0.28513,-0.27264,0,0.09273,0.023042,0.00051611,-0.060194,1,0.10562,0.0745,0.0745,0.00745
0.28564,-0.27313,0,0.093583,0.023145,0.00051591,-0.058902,1,0.10576,0.0746,0.0746,0.00746
0.28614,-0.27361,0,0.094436,0.023247,0.00051572,-0.057607,1,0.10591,0.0747,0.0747,0.00747
0.28664,-0.27409,0,0.095289,0.023349,0.00051552,-0.056308,1,0.10605,0.0748,0.0748,0.00748
0.28712,-0.27455,0,0.096143,0.02345,0.00051532,-0.055005,1,0.10619,0.0749,0.0749,0.00749
0.2876,-0.27501,0,0.096996,0.023551,0.00051511,-0.053698,1,0.10633,0.075,0.075,0.0075
0.28804,-0.27544,0,0.097998,0.023661,0.00051475,-0.052353,1,0.10647,0.0751,0.0751,0.00751
0.28848,-0.27586,0,0.098999,0.023771,0.00051439,-0.051003,1,0.10661,0.0752,0.0752,0.00752
0.28891,-0.27627,0,0.1,0.023881,0.00051402,-0.049649,1,0.10676,0.0753,0.0753,0.00753
0.28933,-0.27667,0,0.101,0.02399,0.00051365,-0.048291,1,0.1069,0.0754,0.0754,0.00754
0.28975,-0.27707,0,0.102,0.024098,0.00051327,-0.046928,1,0.10704,0.0755,0.0755,0.00755
0.29015,-0.27745,0,0.103,0.024206,0.00051289,-0.045562,1,0.10718,0.0756,0.0756,0.00756
0.29054,-0.27783,0,0.10401,0.024314,0.0005125,-0.044191,1,0.10732,0.0757,0.0757,0.00757
0.29093,-0.2782,0,0.10501,0.024421,0.00051211,-0.042816,1,0.10747,0.0758,0.0758,0.00758
0.29131,-0.27856,0,0.10601,0.024527,0.00051171,-0.041437,1,0.10761,0.0759,0.0759,0.00759
0.29167,-0.27891,0,0.10701,0.024634,0.00051131,-0.040054,1,0.10775,0.076,0.076,0.0076
0.29203,-0.27925,0,0.10801,0.024739,0.0005109,-0.038666,1,0.10789,0.0761,0.0761,0.00761
0.29238,-0.27958,0,0.10901,0.024845,0.00051049,-0.037275,1,0.10803,0.0762,0.0762,0.00762
0.29272,-0.27991,0,0.11001,0.02495,0.00051008,-0.035879,1,0.10817,0.0763,0.0763,0.00763
0.29305,-0.28022,0,0.11101,0.025054,0.00050966,-0.034479,1,0.10832,0.0764,0.0764,0.00764
0.29337,-0.28053,0,0.11201,0.025158,0.00050923,-0.033074,1,0.10846,0.0765,0.0765,0.00765
0.29368,-0.28083,0,0.11301,0.025262,0.0005088,-0.031666,1,0.1086,0.0766,0.0766,0.00766
0.29398,-0.28111,0,0.11407,0.025367,0.00050828,-0.030245,1,0.10874,0.0767,0.0767,0.00767
0.29425,-0.28137,0,0.11524,0.025477,0.00050761,-0.028805,1,0.10888,0.0768,0.0768,0.00768
0.29451,-0.28162,0,0.11641,0.025586,0.00050692,-0.02736,1,0.10902,0.0769,0.0769,0.00769
0.29477,-0.28187,0,0.11759,0.025695,0.00050623,-0.025911,1,0.10917,0.077,0.077,0.0077
0.29501,-0.2821,0,0.11876,0.025803,0.00050554,-0.024457,1,0.10931,0.0771,0.0771,0.00771
0.29524,-0.28233,0,0.11993,0.025911,0.00050483,-0.022998,1,0.10945,0.0772,0.0772,0.00772
0.29547,-0.28254,0,0.1211,0.026018,0.00050413,-0.021534,1,0.10959,0.0773,0.0773,0.00773
0.29568,-0.28275,0,0.12228,0.026124,0.00050341,-0.020066,1,0.10973,0.0774,0.0774,0.00774
0.29588,-0.28294,0,0.12345,0.02623,0.00050269,-0.018593,1,0.10988,0.0775,0.0775,0.00775
0.29608,-0.28313,0,0.12462,0.026336,0.00050197,-0.017115,1,0.11002,0.0776,0.0776,0.00776
0.29626,-0.28331,0,0.12579,0.02644,0.00050123,-0.015633,1,0.11016,0.0777,0.0777,0.00777
0.29643,-0.28347,0,0.12696,0.026545,0.0005005,-0.014146,1,0.1103,0.0778,0.0778,0.00778
0.2966,-0.28363,0,0.12813,0.026648,0.00049975,-0.012654,1,0.11044,0.0779,0.0779,0.00779
0.29675,-0.28378,0,0.1293,0.026752,0.000499,-0.011157,1,0.11058,0.078,0.078,0.0078
0.2969,-0.28392,0,0.13047,0.026854,0.00049825,-0.009656,1,0.11073,0.0781,0.0781,0.00781
0.29703,-0.28405,0,0.13164,0.026956,0.00049749,-0.0081503,1,0.11087,0.0782,0.0782,0.00782
0.29715,-0.28417,0,0.13281,0.027058,0.00049672,-0.0066397,1,0.11101,0.0783,0.0783,0.00783
0.29725,-0.28427,0,0.13412,0.02716,0.0004957,-0.0051187,1,0.11115,0.0784,0.0784,0.00784
0.29733,-0.28436,0,0.1355,0.027263,0.00049454,-0.0035897,1,0.11129,0.0785,0.0785,0.00785
0.2974,-0.28443,0,0.13687,0.027366,0.00049339,-0.0020553,1,0.11143,0.0786,0.0786,0.00786
0.29746,-0.2845,0,0.13825,0.027467,0.00049222,-0.00051584,1,0.11158,0.0787,0.0787,0.00787
0.29751,-0.28455,0,0.13962,0.027568,0.00049104,0.001029,1,0.11172,0.0788,0.0788,0.00788
0.29755,-0.2846,0,0.141,0.027668,0.00048986,0.0025792,1,0.11186,0.0789,0.0789,0.00789
0.29757,-0.28463,0,0.14237,0.027768,0.00048868,0.0041346,1,0.112,0.079,0.079,0.0079
0.29759,-0.28466,0,0.14374,0.027867,0.00048748,0.0056951,1,0.11214,0.0791,0.0791,0.00791
0.29759,-0.28467,0,0.14512,0.027965,0.00048628,0.007261,1,0.11229,0.0792,0.0792,0.00792
0.29759,-0.28467,0,0.14649,0.028062,0.00048507,0.0088322,1,0.11243,0.0793,0.0793,0.00793
0.29757,-0.28467,0,0.14786,0.028159,0.00048386,0.010409,1,0.11257,0.0794,0.0794,0.00794
0.29754,-0.28465,0,0.14923,0.028255,0.00048263,0.01199,1,0.11271,0.0795,0.0795,0.00795
0.2975,-0.28462,0,0.15061,0.02835,0.0004814,0.013577,1,0.11285,0.0796,0.0796,0.00796
0.29745,-0.28458,0,0.15198,0.028445,0.00048017,0.01517,1,0.11299,0.0797,0.0797,0.00797
0.29739,-0.28454,0,0.15335,0.028538,0.00047892,0.016767,1,0.11314,0.0798,0.0798,0.00798
0.29732,-0.28448,0,0.15472,0.028632,0.00047767,0.01837,1,0.11328,0.0799,0.0799,0.00799
0.29723,-0.28441,0,0.15609,0.028724,0.00047641,0.019978,1,0.11342,0.08,0.08,0.008
0.29712,-0.28432,0,0.1577,0.028815,0.00047473,0.021583,1,0.11356,0.0801,0.0801,0.00801
0.29699,-0.28422,0,0.15932,0.028906,0.00047304,0.023194,1,0.1137,0.0802,0.0802,0.00802
0.29685,-0.28411,0,0.16093,0.028995,0.00047135,0.024811,1,0.11384,0.0803,0.0803,0.00803
0.2967,-0.28399,0,0.16254,0.029084,0.00046966,0.026434,1,0.11399,0.0804,0.0804,0.00804
0.29654,-0.28385,0,0.16415,0.029173,0.00046797,0.028062,1,0.11413,0.0805,0.0805,0.00805
0.29636,-0.28371,0,0.16576,0.02926,0.00046627,0.029697,1,0.11427,0.0806,0.0806,0.00806
0.29617,-0.28355,0,0.16737,0.029347,0.00046457,0.031338,1,0.11441,0.0807,0.0807,0.00807
0.29598,-0.28339,0,0.16898,0.029433,0.00046287,0.032985,1,0.11455,0.0808,0.0808,0.00808
0.29577,-0.28321,0,0.17059,0.029518,0.00046117,0.034637,1,0.1147,0.0809,0.0809,0.00809
0.29554,-0.28302,0,0.1722,0.029603,0.00045947,0.036296,1,0.11484,0.081,0.081,0.0081
0.29531,-0.28282,0,0.1738,0.029687,0.00045776,0.037961,1,0.11498,0.0811,0.0811,0.00811
0.29506,-0.28261,0,0.17541,0.02977,0.00045605,0.039631,1,0.11512,0.0812,0.0812,0.00812
0.29481,-0.28239,0,0.17702,0.029853,0.00045434,0.041308,1,0.11526,0.0813,0.0813,0.00813
0.29454,-0.28216,0,0.17862,0.029934,0.00045263,0.04299,1,0.1154,0.0814,0.0814,0.00814
0.29426,-0.28192,0,0.18023,0.030015,0.00045091,0.044679,1,0.11555,0.0815,0.0815,0.00815
0.29396,-0.28167,0,0.18183,0.030096,0.0004492,0.046373,1,0.11569,0.0816,0.0816,0.00816
0.29366,-0.2814,0,0.18353,0.030172,0.00044729,0.048064,1,0.11583,0.0817,0.0817,0.00817
0.29333,-0.28113,0,0.18542,0.030243,0.00044502,0.049743,1,0.11597,0.0818,0.0818,0.00818
0.29299,-0.28084,0,0.18731,0.030313,0.00044275,0.051428,1,0.11611,0.0819,0.0819,0.00819
0.29263,-0.28055,0,0.1892,0.030381,0.00044048,0.05312,1,0.11626,0.082,0.082,0.0082
0.29227,-0.28024,0,0.19108,0.030449,0.00043821,0.054819,1,0.1164,0.0821,0.0821,0.00821
0.29189,-0.27992,0,0.19297,0.030516,0.00043593,0.056525,1,0.11654,0.0822,0.0822,0.00822
0.2915,-0.27958,0,0.19485,0.030582,0.00043366,0.058238,1,0.11668,0.0823,0.0823,0.00823
0.29109,-0.27924,0,0.19674,0.030647,0.00043138,0.059958,1,0.11682,0.0824,0.0824,0.00824
0.29067,-0.27888,0,0.19862,0.030711,0.0004291,0.061684,1,0.11696,0.0825,0.0825,0.00825
0.29024,-0.27852,0,0.20051,0.030775,0.00042682,0.063418,1,0.11711,0.0826,0.0826,0.00826
0.2898,-0.27814,0,0.20239,0.030837,0.00042454,0.065158,1,0.11725,0.0827,0.0827,0.00827
0.28935,-0.27775,0,0.20427,0.030899,0.00042226,0.066905,1,0.11739,0.0828,0.0828,0.00828
0.28888,-0.27734,0,0.20615,0.030959,0.00041998,0.068659,1,0.11753,0.0829,0.0829,0.00829
0.2884,-0.27693,0,0.20803,0.031019,0.0004177,0.07042,1,0.11767,0.083,0.083,0.0083
0.2879,-0.27651,0,0.20991,0.031078,0.00041541,0.072188,1,0.11781,0.0831,0.0831,0.00831
0.2874,-0.27607,0,0.21179,0.031136,0.00041313,0.073963,1,0.11796,0.0832,0.0832,0.00832
0.28688,-0.27562,0,0.21367,0.031193,0.00041084,0.075744,1,0.1181,0.0833,0.0833,0.00833
0.28635,-0.27517,0,0.21577,0.031237,0.00040812,0.077499,1,0.11824,0.0834,0.0834,0.00834
0.28581,-0.27472,0,0.21798,0.031275,0.00040519,0.079244,1,0.11838,0.0835,0.0835,0.00835
0.28526,-0.27426,0,0.22019,0.031311,0.00040226,0.080998,1,0.11852,0.0836,0.0836,0.00836
0.28469,-0.27378,0,0.22241,0.031347,0.00039933,0.08276,1,0.11867,0.0837,0.0837,0.00837
0.28411,-0.27329,0,0.22462,0.031381,0.00039641,0.08453,1,0.11881,0.0838,0.0838,0.00838
0.28352,-0.27279,0,0.22683,0.031415,0.0003935,0.086308,1,0.11895,0.0839,0.0839,0.00839
0.28291,-0.27228,0,0.22904,0.031447,0.00039059,0.088094,1,0.11909,0.084,0.084,0.0084
0.28229,-0.27175,0,0.23125,0.031479,0.00038768,0.089888,1,0.11923,0.0841,0.0841,0.00841
0.28165,-0.27121,0,0.23346,0.03151,0.00038478,0.091691,1,0.11937,0.0842,0.0842,0.00842
0.281,-0.27066,0,0.23567,0.03154,0.00038189,0.093501,1,0.11952,0.0843,0.0843,0.00843
0.28034,-0.27009,0,0.23788,0.031568,0.00037899,0.09532,1,0.11966,0.0844,0.0844,0.00844
0.27966,-0.26952,0,0.24009,0.031596,0.00037611,0.097147,1,0.1198,0.0845,0.0845,0.00845
0.27897,-0.26893,0,0.2423,0.031624,0.00037323,0.098982,1,0.11994,0.0846,0.0846,0.00846
0.27826,-0.26833,0,0.2445,0.03165,0.00037035,0.10082,1,0.12008,0.0847,0.0847,0.00847
0.27755,-0.26771,0,0.24671,0.031675,0.00036748,0.10268,1,0.12022,0.0848,0.0848,0.00848
0.27681,-0.26709,0,0.24892,0.031699,0.00036461,0.10454,1,0.12037,0.0849,0.0849,0.00849
0.27607,-0.26645,0,0.25112,0.031722,0.00036175,0.1064,1,0.12051,0.085,0.085,0.0085
0.27535,-0.26586,0,0.25374,0.031715,0.00035817,0.1082,1,0.12065,0.0851,0.0851,0.00851
0.27463,-0.26525,0,0.25635,0.031706,0.00035461,0.11002,1,0.12079,0.0852,0.0852,0.00852
0.27389,-0.26463,0,0.25897,0.031697,0.00035106,0.11184,1,0.12093,0.0853,0.0853,0.00853
0.27313,-0.264,0,0.26158,0.031687,0.00034752,0.11367,1,0.12108,0.0854,0.0854,0.00854
0.27236,-0.26335,0,0.2642,0.031676,0.000344,0.11551,1,0.12122,0.0855,0.0855,0.00855
0.27157,-0.2627,0,0.26682,0.031664,0.00034049,0.11736,1,0.12136,0.0856,0.0856,0.00856
0.27077,-0.26202,0,0.26943,0.031651,0.000337,0.11922,1,0.1215,0.0857,0.0857,0.00857
0.26995,-0.26134,0,0.27205,0.031638,0.00033352,0.12109,1,0.12164,0.0858,0.0858,0.00858
0.26912,-0.26064,0,0.27467,0.031623,0.00033005,0.12297,1,0.12178,0.0859,0.0859,0.00859
0.26828,-0.25993,0,0.27729,0.031608,0.0003266,0.12486,1,0.12193,0.086,0.086,0.0086
0.26742,-0.25921,0,0.27991,0.031592,0.00032316,0.12676,1,0.12207,0.0861,0.0861,0.00861
0.26654,-0.25847,0,0.28254,0.031575,0.00031974,0.12867,1,0.12221,0.0862,0.0862,0.00862
0.26565,-0.25772,0,0.28516,0.031557,0.00031633,0.1306,1,0.12235,0.0863,0.0863,0.00863
0.26475,-0.25696,0,0.28778,0.031539,0.00031293,0.13253,1,0.12249,0.0864,0.0864,0.00864
0.26383,-0.25618,0,0.29041,0.031519,0.00030955,0.13447,1,0.12263,0.0865,0.0865,0.00865
0.26289,-0.25539,0,0.29303,0.031499,0.00030618,0.13642,1,0.12278,0.0866,0.0866,0.00866
0.26199,-0.25463,0,0.29585,0.031463,0.00030256,0.13835,1,0.12292,0.0867,0.0867,0.00867
0.26116,-0.25396,0,0.29907,0.031398,0.00029844,0.14022,1,0.12306,0.0868,0.0868,0.00868
0.26032,-0.25328,0,0.3023,0.031331,0.00029435,0.14211,1,0.1232,0.0869,0.0869,0.00869
0.25947,-0.25258,0,0.30553,0.031265,0.00029029,0.14401,1,0.12334,0.087,0.087,0.0087
0.2586,-0.25187,0,0.30878,0.031198,0.00028625,0.14593,1,0.12349,0.0871,0.0871,0.00871
0.25771,-0.25115,0,0.31203,0.03113,0.00028224,0.14785,1,0.12363,0.0872,0.0872,0.00872
0.25682,-0.25042,0,0.31529,0.031062,0.00027825,0.1498,1,0.12377,0.0873,0.0873,0.00873
0.2559,-0.24967,0,0.31857,0.030994,0.00027429,0.15175,1,0.12391,0.0874,0.0874,0.00874
0.25498,-0.24891,0,0.32185,0.030926,0.00027036,0.15372,1,0.12405,0.0875,0.0875,0.00875
0.25403,-0.24814,0,0.32513,0.030857,0.00026645,0.1557,1,0.12419,0.0876,0.0876,0.00876
0.25308,-0.24735,0,0.32843,0.030787,0.00026258,0.15769,1,0.12434,0.0877,0.0877,0.00877
0.25211,-0.24655,0,0.33174,0.030717,0.00025872,0.1597,1,0.12448,0.0878,0.0878,0.00878
0.25112,-0.24574,0,0.33506,0.030647,0.0002549,0.16172,1,0.12462,0.0879,0.0879,0.00879
0.25012,-0.24491,0,0.33838,0.030576,0.0002511,0.16375,1,0.12476,0.088,0.088,0.0088
0.24911,-0.24407,0,0.34172,0.030505,0.00024732,0.1658,1,0.1249,0.0881,0.0881,0.00881
0.24808,-0.24322,0,0.34506,0.030434,0.00024357,0.16785,1,0.12505,0.0882,0.0882,0.00882
0.24704,-0.24236,0,0.34841,0.030362,0.00023985,0.16993,1,0.12519,0.0883,0.0883,0.00883
0.24618,-0.24171,0,0.35246,0.030267,0.00023585,0.17194,1,0.12533,0.0884,0.0884,0.00884
0.24539,-0.24116,0,0.35687,0.030162,0.00023175,0.17393,1,0.12547,0.0885,0.0885,0.00885
0.24459,-0.24061,0,0.36132,0.030059,0.00022768,0.17594,1,0.12561,0.0886,0.0886,0.00886
0.24378,-0.24004,0,0.36579,0.029956,0.00022367,0.17797,1,0.12575,0.0887,0.0887,0.00887
0.24294,-0.23947,0,0.37029,0.029855,0.0002197,0.18002,1,0.1259,0.0888,0.0888,0.00888
0.2421,-0.23889,0,0.37483,0.029755,0.00021577,0.18209,1,0.12604,0.0889,0.0889,0.00889
0.24123,-0.2383,0,0.3794,0.029656,0.0002119,0.18418,1,0.12618,0.089,0.089,0.0089
0.24036,-0.23771,0,0.38399,0.029558,0.00020806,0.18628,1,0.12632,0.0891,0.0891,0.00891
0.23946,-0.2371,0,0.38862,0.029461,0.00020428,0.18841,1,0.12646,0.0892,0.0892,0.00892
0.23855,-0.23649,0,0.39327,0.029366,0.00020054,0.19055,1,0.1266,0.0893,0.0893,0.00893
0.23763,-0.23587,0,0.39796,0.029271,0.00019685,0.19271,1,0.12675,0.0894,0.0894,0.00894
0.23669,-0.23524,0,0.40267,0.029178,0.00019321,0.19489,1,0.12689,0.0895,0.0895,0.00895
0.23573,-0.2346,0,0.40742,0.029086,0.00018961,0.19709,1,0.12703,0.0896,0.0896,0.00896
0.23476,-0.23395,0,0.4122,0.028995,0.00018606,0.19931,1,0.12717,0.0897,0.0897,0.00897
0.23378,-0.2333,0,0.417,0.028906,0.00018255,0.20155,1,0.12731,0.0898,0.0898,0.00898
0.23278,-0.23264,0,0.42184,0.028817,0.00017909,0.20381,1,0.12746,0.0899,0.0899,0.00899
0.23176,-0.23196,0,0.42671,0.02873,0.00017568,0.20609,1,0.1276,0.09,0.09,0.009
0.2317,-0.23217,0,0.43522,0.028667,0.00017214,0.20834,1,0.12774,0.0901,0.0901,0.00901
0.23164,-0.23238,0,0.44383,0.028607,0.00016866,0.21062,1,0.12788,0.0902,0.0902,0.00902
0.23158,-0.23259,0,0.45252,0.028548,0.00016523,0.21295,1,0.12802,0.0903,0.0903,0.00903
0.23151,-0.23281,0,0.46131,0.028491,0.00016185,0.2153,1,0.12816,0.0904,0.0904,0.00904
0.23143,-0.23303,0,0.47018,0.028436,0.00015852,0.21769,1,0.12831,0.0905,0.0905,0.00905
0.23135,-0.23325,0,0.47915,0.028384,0.00015525,0.22011,1,0.12845,0.0906,0.0906,0.00906
0.23127,-0.23347,0,0.4882,0.028333,0.00015202,0.22256,1,0.12859,0.0907,0.0907,0.00907
0.23118,-0.2337,0,0.49734,0.028285,0.00014885,0.22505,1,0.12873,0.0908,0.0908,0.00908
0.23108,-0.23392,0,0.50658,0.028238,0.00014572,0.22758,1,0.12887,0.0909,0.0909,0.00909
0.23098,-0.23416,0,0.5159,0.028194,0.00014265,0.23014,1,0.12901,0.091,0.091,0.0091
0.23087,-0.23439,0,0.52532,0.028151,0.00013963,0.23273,1,0.12916,0.0911,0.0911,0.00911
0.23076,-0.23462,0,0.53482,0.028111,0.00013667,0.23535,1,0.1293,0.0912,0.0912,0.00912
0.23064,-0.23486,0,0.54442,0.028072,0.00013375,0.23801,1,0.12944,0.0913,0.0913,0.00913
0.23051,-0.2351,0,0.5541,0.028036,0.00013088,0.24071,1,0.12958,0.0914,0.0914,0.00914
0.23038,-0.23535,0,0.56388,0.028002,0.00012807,0.24343,1,0.12972,0.0915,0.0915,0.00915
0.23025,-0.23559,0,0.57374,0.027969,0.00012531,0.24619,1,0.12987,0.0916,0.0916,0.00916
0.23046,-0.23649,0,0.58808,0.027983,0.00012254,0.24904,1,0.13001,0.0917,0.0917,0.00917
0.23136,-0.23869,0,0.61144,0.028088,0.00011972,0.25207,1,0.13015,0.0918,0.0918,0.00918
0.23225,-0.24087,0,0.63512,0.028198,0.00011697,0.25516,1,0.13029,0.0919,0.0919,0.00919
0.23312,-0.24305,0,0.65914,0.028313,0.00011427,0.25833,1,0.13043,0.092,0.092,0.0092
0.23397,-0.24523,0,0.68349,0.028433,0.00011164,0.26158,1,0.13057,0.0921,0.0921,0.00921
0.23481,-0.2474,0,0.70817,0.028558,0.00010908,0.2649,1,0.13072,0.0922,0.0922,0.00922
0.23563,-0.24957,0,0.73318,0.028688,0.00010657,0.2683,1,0.13086,0.0923,0.0923,0.00923
0.23644,-0.25173,0,0.75852,0.028823,0.00010413,0.27177,1,0.131,0.0924,0.0924,0.00924
0.23723,-0.25388,0,0.78419,0.028963,0.00010175,0.27532,1,0.13114,0.0925,0.0925,0.00925
0.23801,-0.25603,0,0.8102,0.029108,9.9437e-05,0.27894,1,0.13128,0.0926,0.0926,0.00926
0.23877,-0.25818,0,0.83653,0.029257,9.7185e-05,0.28263,1,0.13142,0.0927,0.0927,0.00927
0.23951,-0.26031,0,0.86319,0.029412,9.4996e-05,0.28641,1,0.13157,0.0928,0.0928,0.00928
0.24024,-0.26245,0,0.89019,0.029571,9.287e-05,0.29025,1,0.13171,0.0929,0.0929,0.00929
0.24096,-0.26457,0,0.91751,0.029736,9.0806e-05,0.29417,1,0.13185,0.093,0.093,0.0093
0.24165,-0.26669,0,0.94517,0.029905,8.8806e-05,0.29817,1,0.13199,0.0931,0.0931,0.00931
0.24234,-0.26881,0,0.97316,0.030079,8.6869e-05,0.30224,1,0.13213,0.0932,0.0932,0.00932
0.243,-0.27092,0,1.0015,0.030259,8.4994e-05,0.30638,1,0.13228,0.0933,0.0933,0.00933
0.24695,-0.27554,0,1.0637,0.030782,8.3499e-05,0.31132,1,0.13242,0.0934,0.0934,0.00934
0.25246,-0.28135,0,1.1436,0.031479,8.2208e-05,0.31678,1,0.13256,0.0935,0.0935,0.00935
0.25789,-0.28707,0,1.2246,0.032178,8.0958e-05,0.32241,1,0.1327,0.0936,0.0936,0.00936
0.26323,-0.2927,0,1.3065,0.032879,7.9749e-05,0.32822,1,0.13284,0.0937,0.0937,0.00937
0.26849,-0.29825,0,1.3894,0.033584,7.8581e-05,0.3342,1,0.13298,0.0938,0.0938,0.00938
0.27366,-0.30371,0,1.4734,0.034291,7.7454e-05,0.34036,1,0.13313,0.0939,0.0939,0.00939
0.27874,-0.30908,0,1.5583,0.035001,7.6369e-05,0.34669,1,0.13327,0.094,0.094,0.0094
0.28373,-0.31437,0,1.6443,0.035713,7.5325e-05,0.3532,1,0.13341,0.0941,0.0941,0.00941
0.28864,-0.31957,0,1.7313,0.036428,7.4322e-05,0.35989,1,0.13355,0.0942,0.0942,0.00942
0.29346,-0.32468,0,1.8192,0.037146,7.3361e-05,0.36676,1,0.13369,0.0943,0.0943,0.00943
0.29819,-0.32971,0,1.9082,0.037866,7.244e-05,0.3738,1,0.13384,0.0944,0.0944,0.00944
0.30284,-0.33465,0,1.9982,0.038589,7.1561e-05,0.38101,1,0.13398,0.0945,0.0945,0.00945
0.3074,-0.33951,0,2.0892,0.039315,7.0723e-05,0.3884,1,0.13412,0.0946,0.0946,0.00946
0.31187,-0.34428,0,2.1812,0.040043,6.9927e-05,0.39597,1,0.13426,0.0947,0.0947,0.00947
0.31626,-0.34896,0,2.2742,0.040774,6.9171e-05,0.40371,1,0.1344,0.0948,0.0948,0.00948
0.32056,-0.35355,0,2.3682,0.041508,6.8457e-05,0.41163,1,0.13454,0.0949,0.0949,0.00949
0.32477,-0.35806,0,2.4632,0.042244,6.7784e-05,0.41973,1,0.13469,0.095,0.095,0.0095
0.3308,-0.36664,0,2.736,0.044043,6.7499e-05,0.43048,1,0.13483,0.0951,0.0951,0.00951
0.33658,-0.37486,0,3.0121,0.045839,6.7226e-05,0.44168,1,0.13497,0.0952,0.0952,0.00952
0.34213,-0.38272,0,3.2915,0.047631,6.6965e-05,0.45331,1,0.13511,0.0953,0.0953,0.00953
0.34743,-0.39023,0,3.5743,0.049421,6.6717e-05,0.46539,1,0.13525,0.0954,0.0954,0.00954
0.35249,-0.39739,0,3.8604,0.051207,6.6481e-05,0.47791,1,0.13539,0.0955,0.0955,0.00955
0.3573,-0.40419,0,4.1499,0.052991,6.6257e-05,0.49087,1,0.13554,0.0956,0.0956,0.00956
0.36188,-0.41063,0,4.4428,0.054771,6.6046e-05,0.50427,1,0.13568,0.0957,0.0957,0.00957
0.36621,-0.41673,0,4.739,0.056548,6.5847e-05,0.51812,1,0.13582,0.0958,0.0958,0.00958
0.3703,-0.42246,0,5.0385,0.058322,6.5661e-05,0.5324,1,0.13596,0.0959,0.0959,0.00959
0.37416,-0.42784,0,5.3413,0.060093,6.5487e-05,0.54713,1,0.1361,0.096,0.096,0.0096
0.37776,-0.43287,0,5.6476,0.061861,6.5326e-05,0.5623,1,0.13625,0.0961,0.0961,0.00961
0.38113,-0.43754,0,5.9572,0.063626,6.5177e-05,0.57791,1,0.13639,0.0962,0.0962,0.00962
0.38426,-0.44186,0,6.2701,0.065388,6.504e-05,0.59397,1,0.13653,0.0963,0.0963,0.00963
0.38714,-0.44582,0,6.5863,0.067146,6.4916e-05,0.61046,1,0.13667,0.0964,0.0964,0.00964
0.38978,-0.44943,0,6.9059,0.068902,6.4804e-05,0.6274,1,0.13681,0.0965,0.0965,0.00965
0.39218,-0.45268,0,7.2289,0.070654,6.4705e-05,0.64478,1,0.13695,0.0966,0.0966,0.00966
0.39946,-0.45567,0,7.6608,0.072665,6.4569e-05,0.66472,1,0.1371,0.0967,0.0967,0.00967
0.41653,-0.45845,0,8.2953,0.075158,6.435e-05,0.68947,1,0.13724,0.0968,0.0968,0.00968
0.43304,-0.46082,0,8.9151,0.077592,6.4148e-05,0.71485,1,0.13738,0.0969,0.0969,0.00969
0.44901,-0.46278,0,9.5201,0.079965,6.3964e-05,0.74086,1,0.13752,0.097,0.097,0.0097
0.46442,-0.46433,0,10.11,0.082278,6.3796e-05,0.76749,1,0.13766,0.0971,0.0971,0.00971
0.47927,-0.46546,0,10.686,0.084531,6.3646e-05,0.79475,1,0.1378,0.0972,0.0972,0.00972
0.49358,-0.46618,0,11.246,0.086725,6.3512e-05,0.82264,1,0.13795,0.0973,0.0973,0.00973
0.50733,-0.46649,0,11.792,0.088858,6.3395e-05,0.85115,1,0.13809,0.0974,0.0974,0.00974
0.52053,-0.46638,0,12.323,0.090931,6.3296e-05,0.8803,1,0.13823,0.0975,0.0975,0.00975
0.53317,-0.46587,0,12.84,0.092945,6.3213e-05,0.91006,1,0.13837,0.0976,0.0976,0.00976
0.54527,-0.46494,0,13.341,0.094898,6.3147e-05,0.94046,1,0.13851,0.0977,0.0977,0.00977
0.55681,-0.46359,0,13.828,0.096791,6.3098e-05,0.97149,1,0.13866,0.0978,0.0978,0.00978
0.5678,-0.46184,0,14.3,0.098625,6.3067e-05,1.0031,1,0.1388,0.0979,0.0979,0.00979
0.57823,-0.45967,0,14.758,0.1004,6.3052e-05,1.0354,1,0.13894,0.098,0.098,0.0098
0.58812,-0.45709,0,15.2,0.10211,6.3054e-05,1.0683,1,0.13908,0.0981,0.0981,0.00981
0.59745,-0.45409,0,15.628,0.10376,6.3073e-05,1.1019,1,0.13922,0.0982,0.0982,0.00982
0.60623,-0.45068,0,16.041,0.10536,6.311e-05,1.136,1,0.13936,0.0983,0.0983,0.00983
0.7808,-0.43832,0,16.306,0.10628,5.8766e-05,1.1598,1,0.13951,0.0984,0.0984,0.00984
1.0258,-0.42207,0,16.494,0.10687,5.2563e-05,1.1783,1,0.13965,0.0985,0.0985,0.00985
1.2556,-0.40637,0,16.673,0.10743,4.6759e-05,1.1968,1,0.13979,0.0986,0.0986,0.00986
1.4702,-0.39123,0,16.841,0.10797,4.1356e-05,1.2154,1,0.13993,0.0987,0.0987,0.00987
1.6697,-0.37665,0,17,0.10847,3.6354e-05,1.234,1,0.14007,0.0988,0.0988,0.00988
1.8539,-0.36262,0,17.149,0.10896,3.1752e-05,1.2527,1,0.14021,0.0989,0.0989,0.00989
2.023,-0.34914,0,17.289,0.10941,2.7552e-05,1.2714,1,0.14036,0.099,0.099,0.0099
2.1769,-0.33623,0,17.419,0.10984,2.3751e-05,1.2903,1,0.1405,0.0991,0.0991,0.00991
2.3157,-0.32386,0,17.539,0.11024,2.0352e-05,1.3091,1,0.14064,0.0992,0.0992,0.00992
2.4392,-0.31205,0,17.649,0.11062,1.7353e-05,1.3281,1,0.14078,0.0993,0.0993,0.00993
2.5476,-0.3008,0,17.75,0.11097,1.4756e-05,1.3471,1,0.14092,0.0994,0.0994,0.00994
2.6407,-0.2901,0,17.841,0.11129,1.2558e-05,1.3661,1,0.14107,0.0995,0.0995,0.00995
2.7187,-0.27996,0,17.923,0.11159,1.0762e-05,1.3852,1,0.14121,0.0996,0.0996,0.00996
2.7815,-0.27037,0,17.995,0.11186,9.3662e-06,1.4044,1,0.14135,0.0997,0.0997,0.00997
2.8292,-0.26134,0,18.057,0.11211,8.3712e-06,1.4236,1,0.14149,0.0998,0.0998,0.00998
2.8616,-0.25286,0,18.109,0.11233,7.7769e-06,1.4429,1,0.14163,0.0999,0.0999,0.00999
2.8789,-0.24494,0,18.152,0.11252,7.5832e-06,1.4623,1,0.14177,0.1,0.1,0.01
